testId;confId;B*_cf1;B*_cf4;B*_cf6;B*_cfx;MatchesShort;MatchesLong;ControlMatchShort;ControlMatchLong;C_rax1;C_rax2;C_rax3;C_rax4;C_rax5;C_rax6;C_cf1;C_cf4;C_cf6;C_cfx;CalcC_rax1;CalcC_rax2;CalcC_rax3;CalcC_rax4;CalcC_rax5;CalcC_rax6;CalcC_cf1;CalcC_cf4;CalcC_cf6;CalcC_cfx;PathL_rax1;PathL_rax2;PathL_rax3;PathL_rax4;PathL_rax5;PathL_rax6
1;2;0;0;-4;0;TRUE;FALSE;TRUE;FALSE;-89.9995;9.75718;-56.3901;134.999;57.1728;-135.001;-1;1;-2;0;-90.0009;9.75799;-56.39;134.999;57.1728;-135.001;-2;1;-2;0;-90.0009;9.75799;-56.39;134.999;57.1728;-135.001
2;5;0;0;0;0;TRUE;FALSE;TRUE;FALSE;-134.998;4.65216;49.6706;-89.9992;46.9753;135.001;-2;-1;1;0;-134.999;4.65286;49.6707;-89.9991;46.9753;135.001;-2;-1;1;0;-134.999;4.65286;49.6707;-89.9991;46.9753;135.001
3;8;0;0;4;0;FALSE;TRUE;FALSE;TRUE;-90.0008;1.44038;-73.8031;180;38.6896;270;-2;1;2;0;-90.0003;1.44106;-73.8029;180;38.6896;270;-2;1;2;0;-90.0003;1.44106;-73.8029;180;38.6896;270
4;1;0;-4;-4;0;FALSE;TRUE;FALSE;TRUE;-45.0005;-31.5633;47.7186;-180;48.1857;-360;-1;-3;-5;0;-45.0002;-31.5629;47.7187;-180;48.1857;-360;-1;-3;-5;0;-45.0002;-31.5629;47.7187;-180;48.1857;-360
4;4;0;-4;0;0;TRUE;FALSE;TRUE;FALSE;-45.0004;-31.5632;47.7186;-180;48.1857;-0.000281301;-1;-3;-1;0;-45.0002;-31.5629;47.7187;-180;48.1857;-0.000255789;-1;-3;-1;0;-45.0002;-31.5629;47.7187;-180;48.1857;-0.000259711
7;5;0;0;0;0;FALSE;TRUE;FALSE;TRUE;44.999;-31.3911;42.3905;-90.0007;50.524;-45.0007;0;-2;-1;0;44.9993;-31.3907;42.3905;-90.0007;50.524;-45.0007;0;-2;-1;0;44.9993;-31.3907;42.3905;-90.0007;50.524;-45.0007
9;2;0;0;-4;0;TRUE;FALSE;TRUE;FALSE;-45;43.2233;-17.9696;90.0002;1.39896;-180;-1;1;-2;0;-44.9999;43.2234;-17.9696;90.0001;1.39897;-180;-1;1;-2;0;-44.9999;43.2234;-17.9696;90.0001;1.39897;-180
12;5;0;0;0;0;TRUE;FALSE;TRUE;FALSE;-0.00124788;-50.3471;42.4098;134.999;56.0046;89.9992;-1;1;0;0;-0.000837912;-50.3464;42.4104;134.999;56.0045;89.9992;-1;1;0;0;-0.000837922;-50.3464;42.4104;134.999;56.0045;89.9992
14;5;0;0;0;0;FALSE;TRUE;FALSE;TRUE;-45;5.08416;-72.8112;-89.9994;24.557;-44.9988;-1;-1;-1;0;-44.9991;5.08498;-72.811;-89.9991;24.557;-44.9991;-1;-1;-1;0;-44.9991;5.08497;-72.811;-89.9991;24.557;-44.999
14;8;0;0;4;0;TRUE;FALSE;TRUE;FALSE;-44.9999;5.08409;-72.8113;-89.9993;24.5571;315.001;-1;-1;3;0;-44.9991;5.08498;-72.811;-89.9991;24.557;315.001;-1;-1;3;0;-44.9991;5.08497;-72.811;-89.9991;24.557;315.001
16;2;0;0;-4;0;FALSE;TRUE;FALSE;TRUE;-0.00012346;2.38183;-19.2432;135;11.7722;-360;-1;1;-4;0;2.68408E-5;2.38228;-19.2432;135;11.7722;-360;0;1;-4;0;2.69129E-5;2.38228;-19.2432;135;11.7722;-360
16;5;0;0;0;0;TRUE;FALSE;TRUE;FALSE;-0.000217937;2.38144;-19.2433;135;11.7722;-0.000148033;-1;1;-1;0;2.68408E-5;2.38228;-19.2432;135;11.7722;3.5699E-5;0;1;0;0;2.67627E-5;2.38228;-19.2432;135;11.7722;3.72146E-5
17;5;0;0;0;0;TRUE;FALSE;TRUE;FALSE;-89.9989;51.6049;8.15612;179.999;11.8015;-90.0003;-1;1;-2;0;-90.0007;51.6062;8.15576;179.999;11.8015;-90.0007;-2;1;-2;0;-90.0007;51.6062;8.15576;179.999;11.8015;-90.0007
18;5;0;0;0;0;TRUE;FALSE;TRUE;FALSE;-89.999;-23.872;14.2779;-89.9991;19.8657;135.001;-1;-1;1;0;-89.9991;-23.8722;14.2775;-89.9991;19.8657;135.001;-1;-1;1;0;-89.9991;-23.8722;14.2775;-89.9991;19.8657;135.001
21;2;0;0;-4;0;FALSE;TRUE;FALSE;TRUE;0.00229971;-42.5385;-22.0044;-89.9995;50.4472;-269.999;0;-1;-3;0;0.000667693;-42.5385;-22.0045;-89.9993;50.4471;-269.999;0;-1;-3;0;0.000669042;-42.5385;-22.0045;-89.9993;50.4471;-269.999
22;8;0;0;4;0;TRUE;FALSE;TRUE;FALSE;45;-39.924;-13.8755;89.9998;13.7296;270;0;0;2;0;44.9997;-39.9237;-13.8752;89.9997;13.7297;270;0;0;2;0;44.9997;-39.9237;-13.8752;89.9997;13.7297;270
23;9;0;4;4;0;FALSE;TRUE;FALSE;TRUE;45.0004;21.7658;29.5876;270;43.7819;360;0;3;3;0;45;21.7664;29.5877;270;43.7819;360;0;2;3;0;45;21.7664;29.5877;270;43.7819;360
25;5;0;0;0;0;TRUE;FALSE;TRUE;FALSE;44.9991;-2.80035;2.77564;135;1.9832;-44.9993;0;1;-1;0;45.0004;-2.79976;2.77596;135;1.98309;-44.9996;0;1;-1;0;45.0004;-2.79976;2.77596;135;1.98309;-44.9996
26;5;0;0;0;0;TRUE;FALSE;TRUE;FALSE;-44.9986;23.1613;44.406;-44.9993;49.6451;-44.9994;-1;-1;-1;0;-44.9994;23.1617;44.406;-44.9994;49.6451;-44.9994;-1;-1;-1;0;-44.9994;23.1617;44.406;-44.9994;49.6451;-44.9994
27;1;0;-4;-4;0;TRUE;FALSE;TRUE;FALSE;-90.0002;24.5415;-79.4804;-180;50.4252;-135;-2;-3;-2;0;-90;24.5424;-79.4803;-180;50.4251;-135;-2;-3;-2;0;-90;24.5424;-79.4803;-180;50.4251;-135
27;2;0;0;-4;0;FALSE;TRUE;FALSE;TRUE;-90.0002;24.5418;-79.4804;180;50.4252;-135;-2;1;-2;0;-90;24.5424;-79.4803;180;50.4251;-135;-2;1;-2;0;-90;24.5424;-79.4803;180;50.4251;-135
28;6;0;4;0;0;TRUE;FALSE;TRUE;FALSE;-0.000505386;18.7114;41.2083;225;45.4079;45.0003;-1;2;0;0;0.000217785;18.7121;41.2082;225;45.4079;45.0002;0;2;0;0;0.000217893;18.7121;41.2082;225;45.4079;45.0002
30;8;0;0;4;0;TRUE;FALSE;TRUE;FALSE;134.998;23.8896;17.3844;-0.000105685;57.3213;360;1;-1;3;0;135;23.8905;17.384;1.67051E-5;57.3211;360;1;0;4;0;135;23.8905;17.384;1.65297E-5;57.3211;360
34;2;0;0;-4;0;TRUE;FALSE;TRUE;FALSE;-0.000284346;34.9278;-29.8202;90.0007;38.8745;-225;-1;1;-3;0;0.000542358;34.9284;-29.8202;90.0005;38.8745;-224.999;0;1;-3;0;0.00054226;34.9284;-29.8202;90.0005;38.8745;-224.999
40;4;0;-4;0;0;TRUE;FALSE;TRUE;FALSE;-90;22.4644;0.132494;-225;26.5934;89.9999;-2;-3;0;0;-90.0001;22.4659;0.133673;-225;26.5932;89.9999;-2;-3;0;0;-90.0001;22.4659;0.133673;-225;26.5932;89.9999
41;2;0;0;-4;0;FALSE;TRUE;FALSE;TRUE;-0.00251875;39.2118;-11.4033;-89.9995;14.8503;-135.001;-1;-1;-2;0;-1.40126E-6;39.2132;-11.4036;-90;14.8503;-135;-1;-1;-2;0;-1.51221E-6;39.2132;-11.4036;-90;14.8503;-135
43;5;0;0;0;0;TRUE;FALSE;TRUE;FALSE;-0.00131428;-25.2537;15.5904;-0.000606355;12.6328;-0.000109842;-1;-1;-1;0;-0.000322001;-25.2528;15.5907;-0.000322001;12.6328;-0.000337867;-1;-1;-1;0;-0.000322001;-25.2528;15.5907;-0.000322001;12.6328;-0.000337867
46;5;0;0;0;0;TRUE;FALSE;TRUE;FALSE;-0.00103131;39.8864;-2.67916;180;29.1825;89.9995;-1;1;0;0;-0.000482548;39.8871;-2.67922;180;29.1824;89.9995;-1;1;0;0;-0.000482637;39.8871;-2.67922;180;29.1824;89.9995
48;2;0;0;-4;0;TRUE;FALSE;TRUE;FALSE;135.001;39.8724;-68.558;-89.999;6.93258;-359.999;1;-1;-4;0;135.001;39.8724;-68.558;-89.999;6.93258;-359.999;1;-1;-4;0;135.001;39.8724;-68.558;-89.999;6.93258;-359.999
48;3;0;4;-4;0;FALSE;TRUE;FALSE;TRUE;135.001;39.8724;-68.558;270.001;6.93258;-359.999;1;3;-4;0;135.001;39.8724;-68.558;270.001;6.93258;-359.999;1;3;-4;0;135.001;39.8724;-68.558;270.001;6.93259;-359.999
49;5;0;0;0;0;FALSE;TRUE;FALSE;TRUE;90.001;30.3462;27.4887;44.9998;51.5295;-45.0001;1;0;-1;0;89.9998;30.347;27.4889;44.9998;51.5293;-45.0002;0;0;-1;0;89.9998;30.347;27.4889;44.9998;51.5293;-45.0002
50;3;0;4;-4;0;TRUE;FALSE;TRUE;FALSE;89.9994;33.639;-67.2924;269.999;20.8838;-225;0;2;-3;0;89.9995;33.6393;-67.2924;270;20.8838;-225.001;0;2;-3;0;89.9995;33.6393;-67.2924;270;20.8838;-225.001
52;7;0;-4;4;0;TRUE;FALSE;TRUE;FALSE;-0.000489105;-3.05978;-57.7746;-135;12.1293;314.999;-1;-2;3;0;-0.000498019;-3.05978;-57.7746;-135;12.1293;314.999;-1;-2;3;0;-0.000498129;-3.05978;-57.7746;-135;12.1293;314.999
55;2;0;0;-4;0;TRUE;FALSE;TRUE;FALSE;134.999;45.8222;1.74838;89.9997;45.1918;-180.001;1;0;-3;0;135;45.8236;1.7484;89.9996;45.1918;-180;1;0;-3;0;135;45.8236;1.7484;89.9996;45.1918;-180
57;4;0;-4;0;0;FALSE;TRUE;FALSE;TRUE;44.9995;-25.5019;9.98871;-135;21.25;44.9996;0;-2;0;0;44.9996;-25.5019;9.98871;-135;21.25;44.9996;0;-2;0;0;44.9996;-25.5019;9.98871;-135;21.25;44.9996
58;5;0;0;0;0;TRUE;FALSE;TRUE;FALSE;44.9994;-16.5007;16.963;179.999;51.3315;89.9994;0;1;0;0;44.9994;-16.5001;16.9634;179.999;51.3315;89.9995;0;1;0;0;44.9994;-16.5001;16.9634;179.999;51.3315;89.9995
59;2;0;0;-4;0;TRUE;FALSE;TRUE;FALSE;44.9994;-57.6663;35.3051;180;16.3061;-180.001;0;1;-3;0;44.9995;-57.6672;35.3047;179.999;16.306;-180.001;0;1;-3;0;44.9995;-57.6672;35.3047;179.999;16.306;-180.001
60;6;0;4;0;0;TRUE;FALSE;TRUE;FALSE;90.0002;-4.12975;4.12479;270.001;51.4909;90.001;1;3;1;0;90.0009;-4.12915;4.12488;270.001;51.4908;90.0009;1;3;1;0;90.0009;-4.12915;4.12488;270.001;51.4908;90.0009
64;4;0;-4;0;0;FALSE;TRUE;FALSE;TRUE;-44.9995;-17.7451;14.8924;-225;7.30063;135;-1;-3;1;0;-44.9997;-17.7453;14.8924;-225;7.30064;135;-1;-3;1;0;-44.9997;-17.7453;14.8924;-225;7.30064;135
64;5;0;0;0;0;TRUE;FALSE;TRUE;FALSE;-44.9997;-17.7453;14.8924;135;7.30064;135;-1;1;1;0;-44.9997;-17.7453;14.8924;135;7.30064;135;-1;1;1;0;-44.9997;-17.7453;14.8924;135;7.30064;135
68;7;0;-4;4;0;TRUE;FALSE;TRUE;FALSE;89.9993;-8.52099;30.5076;-224.999;29.2502;315.001;0;-3;3;0;90.0006;-8.52015;30.5081;-224.999;29.2502;315.001;1;-3;3;0;90.0006;-8.52015;30.5081;-224.999;29.2502;315.001
72;2;0;0;-4;0;FALSE;TRUE;FALSE;FALSE;90.0008;-25.6379;-26.8092;-134.999;32.7842;-269.999;1;-2;-3;0;90.0007;-25.6374;-26.809;-134.999;32.7842;-269.999;1;-2;-3;0;9E+9;9E+9;9E+9;9E+9;9E+9;9E+9
72;5;0;0;0;0;TRUE;FALSE;TRUE;TRUE;90.0015;-25.6381;-26.8092;-134.999;32.7843;90.0006;1;-2;1;0;90.0007;-25.6374;-26.809;-134.999;32.7842;90.0007;1;-2;1;0;90.0007;-25.6374;-26.809;-134.999;32.7842;90.0007
73;2;0;0;-4;0;TRUE;FALSE;TRUE;FALSE;45.0016;-2.93242;-5.70671;90.0012;7.44168;-179.999;0;1;-2;0;45.0008;-2.93161;-5.70633;90.0009;7.44163;-179.999;0;1;-2;0;45.0008;-2.93161;-5.70633;90.0009;7.44163;-179.999
75;5;0;0;0;0;TRUE;FALSE;TRUE;FALSE;0.000969528;-44.6884;35.5905;45.0001;20.1624;0.000280587;0;0;0;0;0.000224727;-44.6883;35.5904;45.0002;20.1624;0.000200761;0;0;0;0;0.000224727;-44.6883;35.5904;45.0002;20.1624;0.000200761
83;2;0;0;-4;0;TRUE;FALSE;TRUE;FALSE;0.000541194;37.1837;-75.0805;180;28.2761;-270;0;2;-3;0;0.000194163;37.1843;-75.0804;180;28.276;-270;0;2;-3;0;0.000194136;37.1843;-75.0804;180;28.276;-270
87;4;0;-4;0;0;FALSE;TRUE;FALSE;TRUE;-90.001;49.9792;32.8411;-180.001;47.217;-90.0009;-2;-3;-2;0;-90.0007;49.9802;32.841;-180.001;47.217;-90.0007;-2;-3;-2;0;-90.0007;49.9802;32.841;-180.001;47.217;-90.0007
89;5;0;0;0;0;TRUE;FALSE;TRUE;FALSE;44.9983;37.59;-3.81379;44.9991;55.3288;224.999;0;0;2;0;44.9991;37.5909;-3.81389;44.9991;55.3288;224.999;0;0;2;0;44.9991;37.5909;-3.81389;44.9991;55.3288;224.999
90;7;0;-4;4;0;FALSE;TRUE;FALSE;TRUE;0.000834504;-34.9396;-20.5244;-135.001;47.9696;314.999;0;-2;3;0;-0.000648657;-34.9394;-20.5246;-135.001;47.9696;314.999;-1;-2;3;0;-0.000648473;-34.9394;-20.5246;-135.001;47.9696;314.999
92;5;0;0;0;0;TRUE;FALSE;TRUE;FALSE;89.9984;37.7253;-57.2987;-135;25.4947;90.0005;0;-2;1;0;90.0001;37.7264;-57.2986;-135;25.4945;90.0001;1;-2;1;0;90.0001;37.7264;-57.2986;-135;25.4945;90.0001
96;4;0;-4;0;0;TRUE;FALSE;TRUE;FALSE;-90.001;18.5693;-45.0987;-225.001;2.80526;-90.0009;-2;-3;-2;0;-90.001;18.5693;-45.0987;-225.001;2.80526;-90.0009;-2;-3;-2;0;-90.001;18.5693;-45.0987;-225.001;2.80526;-90.001
96;5;0;0;0;0;FALSE;TRUE;FALSE;TRUE;-90.0014;18.5691;-45.0986;134.999;2.80529;-90.0009;-2;1;-2;0;-90.001;18.5693;-45.0987;134.999;2.80526;-90.0009;-2;1;-2;0;-90.001;18.5693;-45.0987;134.999;2.80526;-90.001
97;5;0;0;0;0;TRUE;FALSE;TRUE;FALSE;-45.001;59.3762;-52.7045;90.001;33.3885;135.001;-1;1;1;0;-44.9993;59.3774;-52.7043;90.0007;33.3885;135.001;-1;1;1;0;-44.9993;59.3774;-52.7043;90.0007;33.3885;135.001
100;2;0;0;-4;0;FALSE;TRUE;FALSE;TRUE;90.0005;-22.8321;-23.5954;-89.9995;18.811;-225;1;-1;-3;0;90.0005;-22.8321;-23.5954;-89.9995;18.811;-225;1;-1;-3;0;90.0005;-22.8321;-23.5954;-89.9996;18.811;-225
100;5;0;0;0;0;TRUE;FALSE;TRUE;FALSE;90.0005;-22.8321;-23.5954;-89.9995;18.811;135;1;-1;1;0;90.0005;-22.8321;-23.5954;-89.9995;18.811;135;1;-1;1;0;90.0005;-22.8321;-23.5954;-89.9996;18.811;135
101;4;0;-4;0;0;FALSE;TRUE;FALSE;TRUE;45.0011;25.3948;-55.8745;-270;48.2554;90.0005;0;-3;1;0;45.0003;25.3957;-55.8742;-270;48.2553;90.0003;0;-3;1;0;45.0003;25.3957;-55.8742;-270;48.2553;90.0004
101;5;0;0;0;0;TRUE;FALSE;TRUE;FALSE;45.0013;25.3947;-55.8745;90.0004;48.2553;90.0002;0;1;1;0;45.0003;25.3957;-55.8742;90.0003;48.2553;90.0003;0;1;1;0;45.0003;25.3957;-55.8742;90.0003;48.2553;90.0003
102;4;0;-4;0;0;FALSE;TRUE;FALSE;TRUE;-45.0002;-18.8037;-43.4681;-180;47.8671;225;-1;-3;2;0;-45.0002;-18.8037;-43.4681;-180;47.8671;225;-1;-3;2;0;-45.0002;-18.8037;-43.4681;-180;47.8671;225
102;5;0;0;0;0;TRUE;FALSE;TRUE;FALSE;-45.0002;-18.8037;-43.4681;180;47.8671;225;-1;1;2;0;-45.0002;-18.8037;-43.4681;180;47.8671;225;-1;1;2;0;-45.0002;-18.8037;-43.4681;180;47.8671;225
107;5;0;0;0;0;TRUE;FALSE;TRUE;FALSE;-89.9995;-31.7277;-22.1155;135;39.9548;-44.9997;-1;1;-1;0;-89.9997;-31.7276;-22.1156;135;39.9548;-44.9997;-1;1;-1;0;-89.9997;-31.7276;-22.1156;135;39.9548;-44.9997
107;8;0;0;4;0;FALSE;TRUE;FALSE;TRUE;-89.9996;-31.7277;-22.1155;135;39.9548;315;-1;1;3;0;-89.9997;-31.7276;-22.1156;135;39.9548;315;-1;1;3;0;-89.9997;-31.7276;-22.1156;135;39.9548;315
111;2;0;0;-4;0;TRUE;FALSE;TRUE;FALSE;-0.00328522;28.3026;11.0168;179.999;8.30959;-360;-1;1;-5;0;-0.000693228;28.3035;11.0163;179.999;8.30958;-360.001;-1;1;-5;0;-0.000693228;28.3035;11.0163;179.999;8.30958;-360.001
111;5;0;0;0;0;FALSE;TRUE;FALSE;TRUE;-0.000806483;28.3034;11.0163;179.999;8.30958;-0.000687439;-1;1;-1;0;-0.000693228;28.3035;11.0163;179.999;8.30958;-0.000693228;-1;1;-1;0;-0.000693228;28.3035;11.0163;179.999;8.30958;-0.000693228
112;1;0;-4;-4;0;FALSE;TRUE;FALSE;TRUE;44.9978;58.7211;-71.0218;-180.001;44.1446;-225.001;0;-3;-3;0;44.999;58.7219;-71.0218;-180.001;44.1444;-225.001;0;-3;-3;0;44.999;58.7219;-71.0218;-180.001;44.1444;-225.001
112;4;0;-4;0;0;TRUE;FALSE;TRUE;FALSE;44.998;58.7212;-71.0218;-180.001;44.1445;134.999;0;-3;1;0;44.999;58.7219;-71.0218;-180.001;44.1444;134.999;0;-3;1;0;44.999;58.7219;-71.0218;-180.001;44.1444;134.999
113;2;0;0;-4;0;TRUE;FALSE;TRUE;FALSE;89.9982;9.98132;9.1753;179.999;21.7335;-360;0;1;-5;0;89.9995;9.98138;9.17539;179.999;21.7334;-360;0;1;-5;0;89.9995;9.98138;9.17539;179.999;21.7334;-360.001
113;5;0;0;0;0;FALSE;TRUE;FALSE;TRUE;89.9982;9.98119;9.17517;180;21.7334;-0.000652606;0;1;-1;0;89.9995;9.98138;9.17539;179.999;21.7334;-0.000513841;0;1;-1;0;89.9995;9.98138;9.17539;179.999;21.7334;-0.000507692
117;7;0;-4;4;0;TRUE;FALSE;TRUE;FALSE;0.00112715;8.76449;24.1719;-225;15.0885;360;0;-3;3;0;-0.000269411;8.76553;24.1722;-225;15.0884;360;-1;-3;3;0;-0.000269276;8.76553;24.1722;-225;15.0884;360
118;4;0;-4;0;0;TRUE;FALSE;TRUE;FALSE;-44.9998;-11.8931;-35.0017;-225;56.4403;45.0001;-1;-3;0;0;-44.9999;-11.8931;-35.0017;-225;56.4403;45.0001;-1;-3;0;0;-44.9999;-11.8931;-35.0017;-225;56.4403;45.0001
119;1;0;-4;-4;0;TRUE;FALSE;TRUE;FALSE;-45.0004;1.18103;-69.6371;-270;15.0279;-135;-1;-4;-2;0;-45.0004;1.18104;-69.6371;-270;15.0279;-135;-1;-4;-2;0;-45.0004;1.18104;-69.6371;-270;15.0279;-135
120;8;0;0;4;0;TRUE;FALSE;TRUE;FALSE;-45.0008;-4.29093;-48.051;-45.0003;59.467;270;-1;-1;2;0;-45.0005;-4.2903;-48.0505;-45.0005;59.4671;270;-1;-1;2;0;-45.0005;-4.29031;-48.0505;-45.0005;59.4671;270
123;4;0;-4;0;0;TRUE;FALSE;TRUE;FALSE;-0.00207687;19.7622;-42.068;-270.001;36.0674;224.999;-1;-4;2;0;-0.000731288;19.7632;-42.0676;-270.001;36.0674;224.999;-1;-4;2;0;-0.000731408;19.7632;-42.0676;-270.001;36.0674;224.999
123;5;0;0;0;0;FALSE;TRUE;FALSE;TRUE;-0.00189108;19.7624;-42.068;89.999;36.0674;224.999;-1;0;2;0;-0.000731288;19.7632;-42.0676;89.9993;36.0674;224.999;-1;0;2;0;-0.000731325;19.7632;-42.0676;89.9993;36.0674;224.999
125;5;0;0;0;0;FALSE;TRUE;FALSE;TRUE;44.9968;23.0328;23.2158;90.001;30.3456;-134.999;0;1;-2;0;45.0008;23.0335;23.216;90.0008;30.3452;-134.999;0;1;-2;0;45.0008;23.0335;23.216;90.0008;30.3452;-134.999
125;8;0;0;4;0;TRUE;FALSE;TRUE;FALSE;44.9979;23.0326;23.2157;90.0003;30.345;225.001;0;1;2;0;45.0008;23.0335;23.216;90.0008;30.3452;225.001;0;1;2;0;45.0008;23.0335;23.216;90.0008;30.3452;225.001
126;2;0;0;-4;0;TRUE;FALSE;TRUE;FALSE;134.999;43.3032;-57.2152;180;52.0897;-135;1;1;-2;0;135;43.3039;-57.2152;180;52.0896;-135;1;1;-2;0;135;43.3039;-57.2152;180;52.0896;-135
127;5;0;0;0;0;TRUE;FALSE;TRUE;FALSE;0.000786463;-59.8865;13.6784;0.000721011;8.88638;-44.9993;0;0;-1;0;0.000713353;-59.8865;13.6784;0.000727059;8.88638;-44.9993;0;0;-1;0;0.000712512;-59.8865;13.6784;0.000740455;8.88637;-44.9993
128;4;0;-4;0;0;FALSE;TRUE;FALSE;TRUE;89.9992;-38.9499;-18.0251;-224.999;32.1492;-134.999;0;-3;-2;0;90.0007;-38.9496;-18.0251;-224.999;32.1488;-134.999;1;-3;-2;0;90.0007;-38.9496;-18.0251;-224.999;32.1488;-134.999
128;5;0;0;0;0;TRUE;FALSE;TRUE;FALSE;89.9986;-38.9511;-18.0255;135;32.1484;-135;0;1;-2;0;90.0007;-38.9496;-18.0251;135.001;32.1488;-134.999;1;1;-2;0;90.0007;-38.9496;-18.0251;135.001;32.1488;-134.999
129;2;0;0;-4;0;TRUE;FALSE;TRUE;FALSE;2.90916E-5;-5.84726;38.6214;225;11.124;-180;0;2;-2;0;-9.49629E-5;-5.84674;38.6215;225;11.124;-180;-1;2;-3;0;-9.4997E-5;-5.84674;38.6215;225;11.124;-180
130;2;0;0;-4;0;TRUE;FALSE;TRUE;FALSE;-44.9983;-23.1547;36.2808;-134.999;18.9904;-314.999;-1;-2;-4;0;-44.9994;-23.1544;36.2807;-134.999;18.9904;-314.999;-1;-2;-4;0;-44.9994;-23.1544;36.2807;-134.999;18.9904;-314.999
130;5;0;0;0;0;FALSE;TRUE;FALSE;TRUE;-44.9993;-23.1544;36.2807;-134.999;18.9904;45.0006;-1;-2;0;0;-44.9994;-23.1544;36.2807;-134.999;18.9904;45.0006;-1;-2;0;0;-44.9994;-23.1544;36.2807;-134.999;18.9904;45.0006
131;3;0;4;-4;0;TRUE;FALSE;TRUE;FALSE;-89.9985;23.2197;-54.438;270;16.9084;-359.999;-1;3;-4;0;-89.9996;23.2203;-54.438;270;16.9085;-360;-1;3;-4;0;-89.9996;23.2203;-54.438;270;16.9085;-360
132;1;0;-4;-4;0;FALSE;TRUE;FALSE;TRUE;44.9984;4.33362;28.6237;-180.001;11.2412;-180.001;0;-3;-3;0;44.9991;4.33424;28.6236;-180.001;11.2412;-180.001;0;-3;-3;0;44.9991;4.33424;28.6236;-180.001;11.2412;-180.001
132;4;0;-4;0;0;TRUE;FALSE;TRUE;FALSE;44.9987;4.33384;28.6236;-180.001;11.2412;179.999;0;-3;1;0;44.9991;4.33424;28.6236;-180.001;11.2412;179.999;0;-3;1;0;44.9991;4.33424;28.6236;-180.001;11.2412;179.999
133;4;0;-4;0;0;TRUE;FALSE;TRUE;FALSE;-44.9988;-8.23167;30.0046;-270;42.1944;44.9993;-1;-4;0;0;-45.0005;-8.23084;30.0043;-270;42.1943;44.9995;-1;-4;0;0;-45.0005;-8.23084;30.0043;-270;42.1943;44.9995
135;8;0;0;4;0;TRUE;FALSE;TRUE;FALSE;134.999;48.7928;-8.83679;135;37.4627;359.999;1;1;3;0;134.999;48.7936;-8.83664;134.999;37.4627;359.999;1;1;3;0;134.999;48.7936;-8.83664;134.999;37.4627;359.999
143;8;0;0;4;0;TRUE;FALSE;TRUE;FALSE;134.999;11.0609;-52.022;180;46.296;270;1;1;2;0;135;11.0617;-52.0219;180;46.296;270;1;1;2;0;135;11.0617;-52.0219;180;46.296;270
144;2;0;0;-4;0;FALSE;TRUE;FALSE;TRUE;45.0013;13.537;47.9886;45.0009;46.166;-179.999;0;0;-2;0;45.0009;13.5374;47.9885;45.0009;46.166;-179.999;0;0;-2;0;45.0009;13.5374;47.9885;45.0009;46.166;-179.999
145;4;0;-4;0;0;TRUE;FALSE;TRUE;FALSE;44.9997;29.7128;-64.4557;-225;8.4579;-0.000844866;0;-3;-1;0;44.9995;29.7134;-64.4557;-225.001;8.4579;-0.000528142;0;-3;-1;0;44.9995;29.7134;-64.4557;-225.001;8.4579;-0.000517774
145;5;0;0;0;0;FALSE;TRUE;FALSE;TRUE;44.9994;29.713;-64.4557;135;8.45796;-0.000851535;0;1;-1;0;44.9995;29.7134;-64.4557;134.999;8.4579;-0.000528142;0;1;-1;0;44.9995;29.7134;-64.4557;134.999;8.4579;-0.000527535
147;6;0;4;0;0;TRUE;FALSE;TRUE;FALSE;89.999;47.7419;2.23671;225.001;15.5718;-89.9996;0;2;-1;0;90.0005;47.7425;2.23639;225.001;15.5718;-89.9995;1;2;-1;0;90.0005;47.7425;2.23639;225.001;15.5718;-89.9995
148;7;0;-4;4;0;TRUE;FALSE;TRUE;FALSE;-89.9997;-46.1062;-10.8999;-180.001;39.64;269.999;-1;-3;2;0;-90.0006;-46.1055;-10.8997;-180.001;39.6399;269.999;-2;-3;2;0;-90.0006;-46.1055;-10.8997;-180.001;39.6399;269.999
150;2;0;0;-4;0;TRUE;FALSE;TRUE;FALSE;44.9994;58.0033;-4.90886;179.999;20.2228;-180.001;0;1;-3;0;44.9992;58.0041;-4.9089;179.999;20.2228;-180.001;0;1;-3;0;44.9992;58.0041;-4.90891;179.999;20.2228;-180.001
150;5;0;0;0;0;FALSE;TRUE;FALSE;TRUE;44.9999;58.003;-4.90879;179.999;20.2229;179.999;0;1;1;0;44.9992;58.0041;-4.9089;179.999;20.2228;179.999;0;1;1;0;44.9992;58.0041;-4.90891;179.999;20.2228;179.999
153;2;0;0;-4;0;FALSE;TRUE;FALSE;TRUE;89.9987;7.16188;-27.7805;134.999;23.788;-180.001;0;1;-3;0;89.9991;7.16147;-27.781;134.999;23.788;-180.001;0;1;-3;0;89.9991;7.16147;-27.781;134.999;23.788;-180.001
154;1;0;-4;-4;0;FALSE;TRUE;FALSE;FALSE;135;-14.5701;-23.4129;-180;27.5948;-225;1;-2;-3;0;135;-14.5701;-23.4129;-180;27.5948;-225;1;-2;-3;0;9E+9;9E+9;9E+9;9E+9;9E+9;9E+9
159;5;0;0;0;0;TRUE;FALSE;TRUE;FALSE;-45.0005;26.2636;17.499;-45.0005;9.1464;89.9995;-1;-1;0;0;-45.0005;26.2636;17.499;-45.0005;9.1464;89.9995;-1;-1;0;0;-45.0005;26.2636;17.499;-45.0005;9.1464;89.9995
167;5;0;0;0;0;FALSE;TRUE;FALSE;TRUE;90.0025;-53.503;-2.69116;-134.999;17.522;-44.9999;1;-2;-1;0;90.0006;-53.5032;-2.69113;-134.999;17.5219;-44.9994;1;-2;-1;0;90.0006;-53.5032;-2.69113;-134.999;17.5219;-44.9994
167;8;0;0;4;0;TRUE;FALSE;TRUE;FALSE;90.0023;-53.503;-2.69108;-134.999;17.5219;315;1;-2;3;0;90.0006;-53.5032;-2.69113;-134.999;17.5219;315.001;1;-2;3;0;90.0006;-53.5032;-2.69113;-134.999;17.5219;315.001
168;4;0;-4;0;0;TRUE;FALSE;FALSE;FALSE;-45.0007;-5.56593;-49.6418;-270.001;57.1288;179.999;-1;-4;1;0;-45.0007;-5.56475;-49.6414;-270.001;57.1288;179.999;-1;-4;1;0;9E+9;9E+9;9E+9;9E+9;9E+9;9E+9
168;5;0;0;0;0;FALSE;TRUE;FALSE;TRUE;-45.0011;-5.5654;-49.6418;89.9991;57.1289;179.999;-1;0;1;0;-45.0007;-5.56475;-49.6414;89.9993;57.1288;179.999;-1;0;1;0;-45.0007;-5.56475;-49.6414;89.9993;57.1288;179.999
171;5;0;0;0;0;FALSE;TRUE;FALSE;TRUE;-90.0007;51.8172;-20.37;135;30.7207;90.0007;-2;1;1;0;-89.9996;51.8186;-20.3699;135;30.7205;90.0004;-1;1;1;0;-89.9996;51.8186;-20.3699;135;30.7205;90.0004
174;4;0;-4;0;0;TRUE;FALSE;TRUE;FALSE;135.001;16.7821;-61.0556;-224.999;23.8649;180.001;1;-3;2;0;135.001;16.7821;-61.0556;-224.999;23.8649;180.001;1;-3;2;0;135.001;16.7821;-61.0556;-224.999;23.8649;180.001
174;5;0;0;0;0;FALSE;TRUE;FALSE;TRUE;135.001;16.7821;-61.0556;135.001;23.8649;180.001;1;1;2;0;135.001;16.7821;-61.0556;135.001;23.8649;180.001;1;1;2;0;135.001;16.7821;-61.0556;135.001;23.8649;180.001
176;4;0;-4;0;0;FALSE;TRUE;FALSE;TRUE;44.9987;41.8632;-44.7935;-180.001;40.0519;45;0;-3;0;0;44.9997;41.8647;-44.7932;-180;40.0519;44.9997;0;-3;0;0;44.9997;41.8647;-44.7932;-180;40.0519;44.9997
177;2;0;0;-4;0;TRUE;FALSE;TRUE;FALSE;-89.9983;9.40199;-43.8611;180.001;49.2734;-314.999;-1;2;-4;0;-89.9993;9.40275;-43.8609;180.001;49.2734;-314.999;-1;2;-4;0;-89.9993;9.40275;-43.8609;180.001;49.2734;-314.999
177;5;0;0;0;0;FALSE;TRUE;FALSE;TRUE;-89.9984;9.40221;-43.861;180.001;49.2734;45.0006;-1;2;0;0;-89.9993;9.40275;-43.8609;180.001;49.2734;45.0007;-1;2;0;0;-89.9993;9.40275;-43.8609;180.001;49.2734;45.0007
178;2;0;0;-4;0;TRUE;FALSE;TRUE;FALSE;89.9996;7.11313;-16.8669;90;18.0035;-225;0;0;-3;0;89.9999;7.11386;-16.8667;89.9999;18.0035;-225;0;0;-3;0;89.9999;7.11386;-16.8667;89.9999;18.0035;-225
179;5;0;0;0;0;TRUE;FALSE;TRUE;FALSE;45.0011;11.4894;28.7782;-90.0005;28.0471;44.9997;0;-2;0;0;44.9996;11.4902;28.7783;-90.0004;28.0471;44.9996;0;-2;0;0;44.9996;11.4902;28.7783;-90.0004;28.0471;44.9996
180;4;0;-4;0;0;TRUE;FALSE;TRUE;FALSE;-45.0008;35.2279;-79.3653;-225.001;29.5762;44.9989;-1;-3;0;0;-45.0009;35.2287;-79.3652;-225.001;29.5761;44.9991;-1;-3;0;0;-45.0009;35.2287;-79.3651;-225.001;29.5761;44.9991
180;5;0;0;0;0;FALSE;TRUE;FALSE;TRUE;-45.0008;35.2282;-79.3653;134.999;29.5762;44.999;-1;1;0;0;-45.0009;35.2287;-79.3652;134.999;29.5761;44.9991;-1;1;0;0;-45.0009;35.2287;-79.3651;134.999;29.5761;44.9991
182;4;0;-4;0;0;FALSE;TRUE;FALSE;TRUE;90.001;-19.7375;31.1788;-270;13.173;135;1;-3;1;0;90.0001;-19.7375;31.1786;-270;13.173;135;1;-3;1;0;90.0001;-19.7375;31.1786;-270;13.173;135
182;5;0;0;0;0;TRUE;FALSE;TRUE;FALSE;90.0007;-19.7374;31.1787;90.0001;13.173;135;1;1;1;0;90.0001;-19.7375;31.1786;90.0001;13.173;135;1;1;1;0;90.0001;-19.7375;31.1786;90.0001;13.173;135
183;2;0;0;-4;0;FALSE;TRUE;FALSE;TRUE;45.0003;-18.2617;-31.8357;-44.9998;23.5646;-180;0;-1;-2;0;45.0002;-18.2617;-31.8357;-44.9998;23.5646;-180;0;-1;-2;0;45.0002;-18.2617;-31.8357;-44.9998;23.5646;-180
184;4;0;-4;0;0;TRUE;FALSE;TRUE;FALSE;89.9996;-3.81451;-69.6414;-269.999;21.6748;-134.999;0;-3;-2;0;90.0005;-3.81414;-69.6412;-270;21.6749;-134.999;1;-3;-2;0;90.0005;-3.81414;-69.6412;-270;21.6749;-134.999
184;5;0;0;0;0;FALSE;TRUE;FALSE;TRUE;90.0005;-3.81415;-69.6412;90.0004;21.6749;-134.999;1;1;-2;0;90.0005;-3.81414;-69.6412;90.0004;21.6749;-134.999;1;1;-2;0;90.0005;-3.81414;-69.6412;90.0004;21.6749;-134.999
187;1;0;-4;-4;0;TRUE;FALSE;TRUE;FALSE;0.00322026;22.3731;20.9355;-225;20.2338;-270;0;-3;-3;0;0.000328933;22.3743;20.9348;-225;20.2338;-270;0;-3;-3;0;0.000328796;22.3743;20.9348;-225;20.2338;-270
188;1;0;-4;-4;0;FALSE;TRUE;FALSE;TRUE;-0.000359757;30.8743;-29.5703;-225;27.3;-135;-1;-3;-2;0;-0.000414314;30.8744;-29.5703;-225;27.3;-135;-1;-3;-2;0;-0.000414301;30.8744;-29.5703;-225;27.3;-135
188;4;0;-4;0;0;TRUE;FALSE;TRUE;FALSE;-0.000711128;30.8743;-29.57;-225;27.3;225;-1;-3;2;0;-0.000414314;30.8744;-29.5703;-225;27.3;225;-1;-3;2;0;-0.000414339;30.8744;-29.5703;-225;27.3;225
189;4;0;-4;0;0;FALSE;TRUE;FALSE;TRUE;-90.0008;59.2309;-35.2001;-135.001;6.5041;179.999;-2;-2;1;0;-90.0009;59.2309;-35.2001;-135.001;6.5041;179.999;-2;-2;1;0;-90.0009;59.2309;-35.2001;-135.001;6.5041;179.999
189;5;0;0;0;0;TRUE;FALSE;TRUE;FALSE;-90.0001;59.2306;-35.2;224.999;6.5041;179.999;-2;2;1;0;-90.0009;59.2309;-35.2001;224.999;6.5041;179.999;-2;2;1;0;-90.0009;59.2309;-35.2001;224.999;6.5041;179.999
190;2;0;0;-4;0;TRUE;FALSE;TRUE;FALSE;-134.999;-35.8257;-26.317;180.001;2.67526;-269.999;-2;2;-3;0;-134.999;-35.8257;-26.317;180.001;2.67526;-269.999;-2;2;-3;0;-134.999;-35.8257;-26.317;180.001;2.67526;-269.999
190;5;0;0;0;0;FALSE;TRUE;FALSE;TRUE;-134.999;-35.8257;-26.317;180.001;2.67526;90.0006;-2;2;1;0;-134.999;-35.8257;-26.317;180.001;2.67526;90.0006;-2;2;1;0;-134.999;-35.8257;-26.317;180.001;2.67526;90.0006
193;8;0;0;4;0;TRUE;FALSE;TRUE;FALSE;-0.000672957;41.6987;3.39505;0.000473789;33.8883;225;-1;0;2;0;0.000302251;41.6999;3.39487;0.000301556;33.8884;225;0;0;2;0;0.000302227;41.6999;3.39487;0.000302168;33.8884;225
194;5;0;0;0;0;FALSE;TRUE;FALSE;TRUE;44.998;46.3618;34.8204;-89.9993;46.9686;45.0008;0;-1;0;0;45.0005;46.3619;34.8207;-89.9995;46.968;45.0005;0;-1;0;0;45.0005;46.3619;34.8207;-89.9995;46.968;45.0005
195;5;0;0;0;0;TRUE;FALSE;TRUE;FALSE;89.9981;7.86857;45.5891;45.0007;9.68624;135;0;0;1;0;90.0002;7.86828;45.5883;45.0002;9.68657;135;1;0;1;0;90.0002;7.86828;45.5883;45.0002;9.68657;135
196;1;0;-4;-4;0;TRUE;FALSE;TRUE;FALSE;45.0006;12.5189;-42.8253;-135;4.21703;-135;0;-2;-2;0;44.9997;12.5193;-42.8254;-135;4.21704;-135;0;-2;-2;0;44.9997;12.5193;-42.8254;-135;4.21705;-135
196;2;0;0;-4;0;FALSE;TRUE;FALSE;TRUE;44.9997;12.5193;-42.8254;225;4.21704;-135;0;2;-2;0;44.9997;12.5193;-42.8254;225;4.21704;-135;0;2;-2;0;44.9997;12.5193;-42.8254;225;4.21705;-135
197;7;0;-4;4;0;TRUE;FALSE;TRUE;FALSE;-89.9976;-24.0996;-43.3296;-179.999;35.194;360.001;-1;-2;4;0;-89.999;-24.0992;-43.3293;-179.999;35.1939;360.001;-1;-2;4;0;-89.999;-24.0992;-43.3293;-179.999;35.1939;360.001
197;8;0;0;4;0;FALSE;TRUE;FALSE;TRUE;-89.9973;-24.0996;-43.3295;180.001;35.1939;360.001;-1;2;4;0;-89.999;-24.0992;-43.3293;180.001;35.1939;360.001;-1;2;4;0;-89.999;-24.0992;-43.3293;180.001;35.1939;360.001
200;2;0;0;-4;0;TRUE;FALSE;TRUE;FALSE;45.0011;-37.2432;-25.837;134.999;48.788;-135.001;0;1;-2;0;44.9994;-37.243;-25.837;134.999;48.7881;-135.001;0;1;-2;0;44.9994;-37.243;-25.837;134.999;48.7881;-135.001
200;5;0;0;0;0;FALSE;TRUE;FALSE;TRUE;45.002;-37.2432;-25.8368;134.999;48.7881;224.999;0;1;2;0;44.9994;-37.243;-25.837;134.999;48.7881;224.999;0;1;2;0;44.9994;-37.243;-25.837;134.999;48.7881;224.999
201;4;0;-4;0;0;TRUE;FALSE;TRUE;FALSE;0.00042635;-13.2237;-34.9071;-225;53.2781;90.0008;0;-3;1;0;0.000501121;-13.2224;-34.9065;-224.999;53.278;90.0005;0;-3;1;0;0.00050161;-13.2224;-34.9065;-224.999;53.278;90.0005
202;1;0;-4;-4;0;TRUE;FALSE;TRUE;FALSE;45.0006;-0.272844;3.66068;-269.999;2.47932;-224.999;0;-3;-3;0;45.0006;-0.272835;3.66069;-269.999;2.47932;-224.999;0;-3;-3;0;45.0006;-0.272835;3.66069;-269.999;2.47932;-224.999
206;4;0;-4;0;0;TRUE;FALSE;TRUE;FALSE;-45.0027;-55.8218;14.8209;-225;47.4736;89.9997;-1;-3;0;0;-45.0006;-55.8214;14.821;-225.001;47.4734;89.9994;-1;-3;0;0;-45.0006;-55.8214;14.821;-225.001;47.4734;89.9994
208;2;0;0;-4;0;FALSE;TRUE;FALSE;TRUE;-45.0008;-44.6078;-9.04695;-89.999;43.5896;-269.999;-1;-1;-3;0;-44.9991;-44.6077;-9.04692;-89.9991;43.5896;-269.999;-1;-1;-3;0;-44.9991;-44.6077;-9.04692;-89.9991;43.5896;-269.999
208;5;0;0;0;0;TRUE;FALSE;TRUE;FALSE;-45.0004;-44.6078;-9.04695;-89.999;43.5895;90.0008;-1;-1;1;0;-44.9991;-44.6077;-9.04692;-89.9991;43.5896;90.0008;-1;-1;1;0;-44.9991;-44.6077;-9.04692;-89.9991;43.5896;90.0008
210;5;0;0;0;0;TRUE;FALSE;TRUE;FALSE;-45.0021;56.1934;-10.5582;135;34.4523;-0.000411398;-1;1;-1;0;-45.0004;56.195;-10.5585;135;34.4523;-0.00042782;-1;1;-1;0;-45.0004;56.195;-10.5585;135;34.4523;-0.000428036
210;8;0;0;4;0;FALSE;TRUE;FALSE;TRUE;-45.0022;56.194;-10.5583;134.999;34.4526;360;-1;1;3;0;-45.0004;56.195;-10.5585;135;34.4523;360;-1;1;3;0;-45.0004;56.195;-10.5585;135;34.4523;360
211;5;0;0;0;0;FALSE;TRUE;FALSE;TRUE;-89.9988;56.4914;-63.9201;-44.9995;9.82022;45.0009;-1;-1;0;0;-89.9993;56.4916;-63.9201;-44.9993;9.82024;45.0008;-1;-1;0;0;-89.9993;56.4916;-63.9201;-44.9993;9.82025;45.0007
212;2;0;0;-4;0;FALSE;TRUE;FALSE;TRUE;-0.00114898;-10.9813;11.6709;-0.000506217;32.0738;-135.001;-1;-1;-2;0;-0.000526662;-10.9812;11.6709;-0.000526567;32.0737;-135.001;-1;-1;-2;0;-0.000526662;-10.9812;11.6709;-0.000526567;32.0737;-135.001
213;2;0;0;-4;0;FALSE;TRUE;FALSE;TRUE;-45.0008;-28.0105;30.1193;-90.0009;21.316;-360.001;-1;-2;-5;0;-45.0009;-28.0105;30.1193;-90.0009;21.316;-360.001;-1;-2;-5;0;-45.0009;-28.0105;30.1193;-90.0009;21.316;-360.001
213;5;0;0;0;0;TRUE;FALSE;TRUE;FALSE;-45.0008;-28.0105;30.1193;-90.0009;21.316;-0.000894221;-1;-2;-1;0;-45.0009;-28.0105;30.1193;-90.0009;21.316;-0.000893146;-1;-2;-1;0;-45.0009;-28.0105;30.1193;-90.0009;21.316;-0.00089885
217;1;0;-4;-4;0;FALSE;TRUE;FALSE;TRUE;89.9998;-49.3905;35.2294;-180;23.7385;-315;0;-3;-4;0;89.9998;-49.3905;35.2294;-180;23.7385;-315;0;-3;-4;0;89.9998;-49.3905;35.2294;-180;23.7385;-315
217;2;0;0;-4;0;TRUE;FALSE;TRUE;FALSE;89.9993;-49.39;35.2298;180;23.7384;-315;0;1;-4;0;89.9998;-49.3905;35.2294;180;23.7385;-315;0;1;-4;0;89.9998;-49.3905;35.2294;180;23.7385;-315
223;2;0;0;-4;0;TRUE;FALSE;TRUE;FALSE;-89.9987;30.6648;-75.6241;-90;8.62452;-269.999;-1;-1;-3;0;-89.9995;30.6656;-75.624;-89.9993;8.62453;-270;-1;-1;-3;0;-89.9995;30.6656;-75.624;-89.9995;8.62453;-269.999
223;3;0;4;-4;0;FALSE;TRUE;FALSE;TRUE;-89.9991;30.6654;-75.6241;270;8.62453;-269.999;-1;3;-3;0;-89.9995;30.6656;-75.624;270.001;8.62453;-270;-1;3;-3;0;-89.9995;30.6656;-75.624;270.001;8.62453;-269.999
226;2;0;0;-4;0;TRUE;FALSE;TRUE;FALSE;-89.9998;-6.13607;-48.2925;-89.9999;24.0956;-270;-1;-1;-3;0;-89.9998;-6.13605;-48.2925;-89.9999;24.0956;-270;-1;-1;-3;0;-89.9998;-6.13605;-48.2925;-89.9999;24.0956;-270
226;3;0;4;-4;0;FALSE;TRUE;FALSE;TRUE;-90.0001;-6.13635;-48.2924;270;24.0955;-270;-2;3;-3;0;-89.9998;-6.13605;-48.2925;270;24.0956;-270;-1;3;-3;0;-89.9998;-6.13605;-48.2925;270;24.0956;-270
227;5;0;0;0;0;TRUE;FALSE;TRUE;FALSE;-134.998;9.53392;-18.7118;-134.999;44.5931;-89.9994;-2;-2;-1;0;-134.999;9.53459;-18.7115;-134.999;44.593;-89.9993;-2;-2;-1;0;-134.999;9.53459;-18.7115;-134.999;44.593;-89.9993
228;5;0;0;0;0;TRUE;FALSE;TRUE;FALSE;-45.001;-53.3787;46.1913;224.999;1.86407;224.999;-1;2;2;0;-45.0009;-53.3787;46.1913;224.999;1.86407;224.999;-1;2;2;0;-45.0009;-53.3787;46.1913;224.999;1.86407;224.999
231;9;0;4;4;0;TRUE;FALSE;TRUE;FALSE;-134.999;-6.15489;-74.6284;270;23.8191;225;-2;3;2;0;-135;-6.15434;-74.6282;270;23.8191;225;-2;3;2;0;-135;-6.15434;-74.6282;270;23.8191;225
233;5;0;0;0;0;TRUE;FALSE;TRUE;FALSE;90.0001;-16.2184;-9.14187;-89.9992;44.7377;90.0008;1;-1;1;0;90.0008;-16.2181;-9.14212;-89.9992;44.7377;90.0008;1;-1;1;0;90.0008;-16.2181;-9.14212;-89.9992;44.7377;90.0008
233;6;0;4;0;0;FALSE;TRUE;FALSE;TRUE;90.0007;-16.2182;-9.1421;270.001;44.7377;90.0008;1;3;1;0;90.0008;-16.2181;-9.14212;270.001;44.7377;90.0008;1;3;1;0;90.0008;-16.2181;-9.14212;270.001;44.7377;90.0008
234;4;0;-4;0;0;TRUE;FALSE;FALSE;FALSE;-44.9984;-10.5128;-54.5175;-224.999;11.9792;90.0006;-1;-3;1;0;-44.9993;-10.5124;-54.5173;-224.999;11.9791;90.0007;-1;-3;1;0;9E+9;9E+9;9E+9;9E+9;9E+9;9E+9
235;4;0;-4;0;0;TRUE;FALSE;TRUE;FALSE;-45.0002;-19.3539;-9.77373;-225;49.2862;45;-1;-3;0;0;-45.0001;-19.353;-9.77293;-225;49.2862;44.9999;-1;-3;0;0;-45.0001;-19.353;-9.77293;-225;49.2862;44.9999
235;5;0;0;0;0;FALSE;TRUE;FALSE;TRUE;-45.0002;-19.353;-9.77298;135;49.2862;44.9999;-1;1;0;0;-45.0001;-19.353;-9.77293;135;49.2862;44.9999;-1;1;0;0;-45.0001;-19.353;-9.77293;135;49.2862;44.9999
239;5;0;0;0;0;TRUE;FALSE;TRUE;FALSE;-0.00184819;38.3367;-20.8576;-90.0005;27.9281;224.999;-1;-2;2;0;-0.000621176;38.338;-20.8579;-90.0006;27.9281;224.999;-1;-2;2;0;-0.000621274;38.338;-20.8579;-90.0006;27.9281;224.999
240;8;0;0;4;0;TRUE;FALSE;TRUE;FALSE;-89.9968;-11.2563;-71.716;180;26.9028;360.001;-1;2;4;0;-89.9992;-11.2558;-71.7161;180.001;26.9027;360.001;-1;2;4;0;-89.9992;-11.2558;-71.7161;180.001;26.9027;360.001
243;2;0;0;-4;0;TRUE;FALSE;TRUE;FALSE;45.0018;30.6902;-37.1719;45.0004;53.3659;-315;0;0;-4;0;45.0003;30.6912;-37.1718;45.0003;53.3659;-315;0;0;-4;0;45.0003;30.6912;-37.1718;45.0003;53.3659;-315
243;5;0;0;0;0;FALSE;TRUE;FALSE;TRUE;45.0013;30.6906;-37.1719;45.0003;53.3659;45.0002;0;0;0;0;45.0003;30.6912;-37.1718;45.0003;53.3659;45.0003;0;0;0;0;45.0003;30.6912;-37.1718;45.0003;53.3659;45.0003
244;2;0;0;-4;0;TRUE;FALSE;TRUE;FALSE;0.00179784;25.4462;40.3075;90.0005;57.0996;-360;0;1;-4;0;0.000466448;25.4469;40.3076;90.0005;57.0995;-360;0;1;-4;0;0.00046656;25.4469;40.3076;90.0005;57.0995;-360
251;1;0;-4;-4;0;FALSE;TRUE;FALSE;TRUE;44.9986;16.3316;37.8005;-180.001;4.587;-270.001;0;-3;-4;0;44.9991;16.3317;37.8002;-180.001;4.58693;-270.001;0;-3;-4;0;44.9991;16.3317;37.8002;-180.001;4.58693;-270.001
251;2;0;0;-4;0;TRUE;FALSE;TRUE;FALSE;44.9991;16.3317;37.8002;179.999;4.58693;-270.001;0;1;-4;0;44.9991;16.3317;37.8002;179.999;4.58693;-270.001;0;1;-4;0;44.9991;16.3317;37.8002;179.999;4.58693;-270.001
252;4;0;-4;0;0;FALSE;TRUE;FALSE;TRUE;90.0003;-43.7397;24.7794;-224.999;35.0145;-134.999;1;-3;-2;0;90.001;-43.7397;24.7792;-224.999;35.0145;-134.999;1;-3;-2;0;90.001;-43.7397;24.7792;-224.999;35.0145;-134.999
252;7;0;-4;4;0;TRUE;FALSE;TRUE;FALSE;90.0003;-43.7398;24.7793;-224.999;35.0145;225.001;1;-3;2;0;90.001;-43.7397;24.7792;-224.999;35.0145;225.001;1;-3;2;0;90.001;-43.7397;24.7792;-224.999;35.0145;225.001
253;5;0;0;0;0;FALSE;TRUE;FALSE;TRUE;90.0013;52.2277;-12.1811;-45;17.218;-134.999;1;-1;-2;0;90.0004;52.2288;-12.1812;-44.9996;17.2179;-135;1;-1;-2;0;90.0004;52.2288;-12.1812;-44.9996;17.2179;-135
256;7;0;-4;4;0;FALSE;TRUE;FALSE;TRUE;134.999;-50.5734;11.0282;-270.001;1.89337;359.999;1;-4;3;0;134.999;-50.5734;11.0282;-270.001;1.89337;359.999;1;-4;3;0;134.999;-50.5734;11.0282;-270.001;1.89337;359.999
257;8;0;0;4;0;TRUE;FALSE;TRUE;FALSE;135.001;-33.728;47.532;-134.999;45.1149;315.001;1;-2;3;0;135.001;-33.7272;47.5323;-134.999;45.1149;315.001;1;-2;3;0;135.001;-33.7272;47.5323;-134.999;45.1149;315.001
258;4;0;-4;0;0;FALSE;TRUE;FALSE;TRUE;45.0004;-8.37439;38.209;-180.001;51.9046;134.999;0;-3;1;0;44.9992;-8.37367;38.2089;-180.001;51.9047;134.999;0;-3;1;0;44.9992;-8.37367;38.2089;-180.001;51.9047;134.999
259;6;0;4;0;0;TRUE;FALSE;TRUE;FALSE;-44.9991;50.7963;-69.9665;225;40.6983;0.00036931;-1;2;0;0;-44.9997;50.7968;-69.9664;225;40.6983;0.00030483;-1;2;0;0;-44.9997;50.7968;-69.9664;225;40.6983;0.000313224
260;2;0;0;-4;0;TRUE;FALSE;TRUE;FALSE;89.9989;-30.611;-20.5565;89.9999;5.96944;-180;0;0;-3;0;89.9998;-30.6107;-20.5563;89.9999;5.96942;-180;0;0;-3;0;89.9998;-30.6107;-20.5563;89.9999;5.96942;-180
260;5;0;0;0;0;FALSE;TRUE;FALSE;TRUE;89.9992;-30.6109;-20.5565;89.9998;5.96941;180;0;0;1;0;89.9998;-30.6107;-20.5563;89.9999;5.96942;180;0;0;1;0;89.9998;-30.6107;-20.5563;89.9999;5.96942;180
261;2;0;0;-4;0;FALSE;TRUE;FALSE;TRUE;-45;34.686;-28.4199;-90.0002;43.2582;-135;-1;-2;-2;0;-45.0003;34.6867;-28.4198;-90.0003;43.2582;-135;-1;-2;-2;0;-45.0003;34.6867;-28.4198;-90.0003;43.2582;-135
261;3;0;4;-4;0;TRUE;FALSE;TRUE;FALSE;-44.9996;34.6859;-28.4198;270;43.2582;-135;-1;2;-2;0;-45.0003;34.6867;-28.4198;270;43.2582;-135;-1;2;-2;0;-45.0003;34.6867;-28.4198;270;43.2582;-135
262;5;0;0;0;0;TRUE;FALSE;TRUE;FALSE;-45.0001;-27.6845;-19.0963;-0.000148252;17.4615;135;-1;-1;1;0;-45.0001;-27.6846;-19.0963;-0.000145985;17.4615;135;-1;-1;1;0;-45.0001;-27.6846;-19.0963;-0.000140073;17.4615;135
263;4;0;-4;0;0;TRUE;FALSE;TRUE;FALSE;-45.0002;33.2791;-3.52844;-180;38.263;-0.00018889;-1;-3;-1;0;-45.0001;33.2804;-3.52825;-180;38.2629;-0.000125738;-1;-3;-1;0;-45.0001;33.2804;-3.52825;-180;38.2629;-0.000126925
265;5;0;0;0;0;FALSE;TRUE;FALSE;TRUE;89.9981;-9.53905;-49.4829;134.999;22.5208;-45.0008;0;1;-1;0;89.9991;-9.53826;-49.4827;134.999;22.5208;-45.0009;0;1;-1;0;89.9991;-9.53825;-49.4827;134.999;22.5208;-45.0009
266;8;0;0;4;0;TRUE;FALSE;TRUE;FALSE;90.0005;3.20933;37.2129;180.001;36.4593;225.001;1;2;2;0;90.0006;3.20994;37.2131;180.001;36.4592;225.001;1;2;2;0;90.0006;3.20994;37.2131;180.001;36.4592;225.001
269;5;0;0;0;0;TRUE;FALSE;TRUE;FALSE;89.9999;31.9507;34.5192;-134.999;2.16256;-89.9995;0;-2;-1;0;90.0006;31.9511;34.5192;-134.999;2.16254;-89.9993;1;-2;-1;0;90.0006;31.9511;34.5192;-134.999;2.16254;-89.9993
269;6;0;4;0;0;FALSE;TRUE;FALSE;TRUE;90.0004;31.951;34.5192;225;2.16254;-89.9992;1;2;-1;0;90.0006;31.9511;34.5192;225.001;2.16254;-89.9993;1;2;-1;0;90.0006;31.9511;34.5192;225.001;2.16254;-89.9993
271;1;0;-4;-4;0;TRUE;FALSE;TRUE;FALSE;44.9999;-43.4691;38.7722;-270;23.332;-270;0;-3;-3;0;45.0004;-43.4687;38.7722;-270;23.332;-270;0;-3;-3;0;45.0004;-43.4687;38.7722;-270;23.332;-270
274;2;0;0;-4;0;TRUE;FALSE;TRUE;FALSE;-90.0001;8.11277;34.8086;180.001;47.4313;-269.999;-2;2;-3;0;-89.9993;8.11366;34.8088;180.001;47.4313;-269.999;-1;2;-3;0;-89.9993;8.11366;34.8088;180.001;47.4313;-269.999
276;4;0;-4;0;0;TRUE;FALSE;TRUE;FALSE;44.9991;-46.8634;-2.4605;-225.001;16.1046;135;0;-3;1;0;44.9995;-46.8636;-2.46102;-225.001;16.1046;135;0;-3;1;0;44.9995;-46.8636;-2.46102;-225.001;16.1046;135
277;2;0;0;-4;0;TRUE;FALSE;TRUE;FALSE;-0.00072071;17.1954;-3.25061;44.9992;12.4808;-135.001;-1;0;-2;0;-0.000932719;17.196;-3.25053;44.9991;12.4808;-135.001;-1;0;-2;0;-0.0009327;17.196;-3.25053;44.9991;12.4809;-135.001
278;7;0;-4;4;0;FALSE;TRUE;FALSE;TRUE;-134.999;-8.16189;-66.7611;-179.999;11.7448;315.001;-2;-2;3;0;-134.999;-8.16126;-66.7608;-179.999;11.7447;315.001;-2;-2;3;0;-134.999;-8.16126;-66.7608;-179.999;11.7447;315.001
278;8;0;0;4;0;TRUE;FALSE;TRUE;FALSE;-134.998;-8.16203;-66.7611;180.001;11.7448;315;-2;2;3;0;-134.999;-8.16126;-66.7608;180.001;11.7447;315.001;-2;2;3;0;-134.999;-8.16126;-66.7608;180.001;11.7447;315.001
284;5;0;0;0;0;TRUE;FALSE;TRUE;FALSE;89.9991;5.83502;-50.34;3.38004E-5;35.0767;0.000120662;0;0;0;0;90.0001;5.83574;-50.3397;0.000101472;35.0767;9.87226E-5;1;0;0;0;90.0001;5.83574;-50.3397;0.000101293;35.0767;9.88525E-5
285;2;0;0;-4;0;TRUE;FALSE;TRUE;FALSE;45.0003;-2.1699;-26.3964;-89.9998;35.0529;-315;0;-1;-4;0;45.0001;-2.16986;-26.3964;-89.9998;35.0529;-315;0;-1;-4;0;45.0001;-2.16986;-26.3964;-89.9998;35.0529;-315
291;5;0;0;0;0;FALSE;TRUE;FALSE;TRUE;-89.9997;32.8185;-40.0242;-134.999;11.2596;45.0009;-1;-2;0;0;-89.9991;32.819;-40.0244;-134.999;11.2595;45.0009;-1;-2;0;0;-89.9991;32.819;-40.0244;-134.999;11.2595;45.0009
291;6;0;4;0;0;TRUE;FALSE;TRUE;FALSE;-89.9991;32.819;-40.0244;225.001;11.2595;45.0009;-1;2;0;0;-89.9991;32.819;-40.0244;225.001;11.2595;45.0009;-1;2;0;0;-89.9991;32.819;-40.0244;225.001;11.2595;45.0009
292;2;0;0;-4;0;TRUE;FALSE;TRUE;FALSE;-45.0029;46.5434;-8.91637;-45.0006;18.1794;-360;-1;-1;-4;0;-45.0002;46.545;-8.91598;-45.0002;18.1793;-360;-1;-1;-5;0;-45.0002;46.545;-8.91598;-45.0002;18.1793;-360
294;7;0;-4;4;0;FALSE;TRUE;FALSE;TRUE;-89.9984;-5.27988;-54.4937;-270;13.0869;360;-1;-3;3;0;-89.9999;-5.27908;-54.4936;-270;13.0869;360;-1;-3;4;0;-89.9999;-5.27908;-54.4936;-270;13.0869;360
294;8;0;0;4;0;TRUE;FALSE;TRUE;FALSE;-89.999;-5.27981;-54.4937;90.0003;13.087;360;-1;1;3;0;-89.9999;-5.27908;-54.4936;90.0001;13.0869;360;-1;1;4;0;-89.9999;-5.27908;-54.4936;90.0001;13.0869;360
297;2;0;0;-4;0;FALSE;TRUE;FALSE;TRUE;90.0002;47.6204;-16.6643;135;47.6108;-180;1;1;-2;0;90;47.6217;-16.6643;135;47.6107;-180;0;1;-3;0;90;47.6217;-16.6643;135;47.6107;-180
297;5;0;0;0;0;TRUE;FALSE;TRUE;FALSE;90.0004;47.6206;-16.6643;135;47.6108;180;1;1;1;0;90;47.6217;-16.6643;135;47.6107;180;0;1;1;0;90;47.6217;-16.6643;135;47.6107;180
298;5;0;0;0;0;TRUE;FALSE;TRUE;FALSE;134.999;35.1989;-64.7929;90.0002;22.4604;-0.000273055;1;1;-1;0;135;35.1994;-64.7929;90;22.4604;-1.57801E-5;1;1;-1;0;135;35.1994;-64.7929;90;22.4604;-1.54467E-5
301;5;0;0;0;0;TRUE;FALSE;TRUE;FALSE;-2.01603E-5;-3.71209;-23.5159;-90.0009;39.1711;179.999;-1;-2;1;0;-0.000883617;-3.71166;-23.516;-90.0009;39.1711;179.999;-1;-2;1;0;-0.000883776;-3.71166;-23.516;-90.0009;39.1711;179.999
302;4;0;-4;0;0;TRUE;FALSE;TRUE;FALSE;45.0008;19.7082;-19.3265;-224.999;3.6549;-134.999;0;-3;-2;0;45.0009;19.7082;-19.3265;-224.999;3.6549;-134.999;0;-3;-2;0;45.0009;19.7082;-19.3265;-224.999;3.6549;-134.999
302;5;0;0;0;0;FALSE;TRUE;FALSE;TRUE;45.0006;19.7082;-19.3265;135.001;3.6549;-134.999;0;1;-2;0;45.0009;19.7082;-19.3265;135.001;3.6549;-134.999;0;1;-2;0;45.0009;19.7082;-19.3265;135.001;3.6549;-134.999
303;2;0;0;-4;0;TRUE;FALSE;TRUE;FALSE;89.9978;31.5949;-0.933771;90.0001;19.4371;-135;0;1;-2;0;89.9999;31.5958;-0.933557;89.9999;19.4372;-135;0;0;-2;0;89.9999;31.5958;-0.933557;89.9999;19.4372;-135
304;2;0;0;-4;0;FALSE;TRUE;FALSE;TRUE;45.001;51.9316;-44.198;-0.000698381;34.0514;-360;0;-1;-5;0;44.9995;51.9321;-44.1981;-0.00047579;34.0513;-360;0;-1;-5;0;44.9995;51.9321;-44.1981;-0.000475031;34.0513;-360
304;5;0;0;0;0;TRUE;FALSE;TRUE;FALSE;45.0015;51.9314;-44.1979;-0.000369176;34.0513;-0.00057083;0;-1;-1;0;44.9995;51.9321;-44.1981;-0.00047579;34.0513;-0.000477869;0;-1;-1;0;44.9995;51.9321;-44.1981;-0.00047579;34.0513;-0.000477869
305;2;0;0;-4;0;FALSE;TRUE;FALSE;TRUE;45.0005;7.71078;-54.787;0.000402832;34.1044;-315;0;0;-4;0;45.0004;7.7108;-54.7871;0.0004246;34.1044;-315;0;0;-4;0;45.0004;7.7108;-54.7871;0.000430862;34.1044;-315
305;5;0;0;0;0;TRUE;FALSE;TRUE;FALSE;45.0003;7.71086;-54.787;0.000452011;34.1045;45.0004;0;0;0;0;45.0004;7.7108;-54.7871;0.0004246;34.1044;45.0004;0;0;0;0;45.0004;7.7108;-54.7871;0.000427764;34.1044;45.0004
306;4;0;-4;0;0;TRUE;FALSE;TRUE;FALSE;45.0003;52.0477;-8.46394;-180;23.3339;-0.0002893;0;-2;-1;0;45;52.0493;-8.4637;-180;23.3338;2.26193E-5;0;-2;0;0;45;52.0493;-8.4637;-180;23.3338;2.62541E-5
307;5;0;0;0;0;TRUE;FALSE;TRUE;FALSE;90;-10.1795;-38.4652;45.0009;39.5264;180.001;1;0;2;0;90.0009;-10.1792;-38.4652;45.0009;39.5263;180.001;1;0;2;0;90.0009;-10.1792;-38.4652;45.0009;39.5263;180.001
308;5;0;0;0;0;TRUE;FALSE;TRUE;FALSE;90.0003;54.0222;-16.2439;135;49.7147;0.000467975;1;1;0;0;90.0004;54.0233;-16.2438;135;49.7146;0.000420365;1;1;0;0;90.0004;54.0233;-16.2438;135;49.7146;0.000421808
308;8;0;0;4;0;FALSE;TRUE;FALSE;TRUE;90.0004;54.0216;-16.2439;135;49.7147;360;1;1;4;0;90.0004;54.0233;-16.2438;135;49.7146;360;1;1;4;0;90.0004;54.0233;-16.2438;135;49.7146;360
310;2;0;0;-4;0;TRUE;FALSE;TRUE;FALSE;44.9983;-14.8452;-40.326;224.999;17.7288;-270.001;0;2;-4;0;44.999;-14.8448;-40.3259;224.999;17.7288;-270.001;0;2;-4;0;44.999;-14.8448;-40.3259;224.999;17.7288;-270.001
310;5;0;0;0;0;FALSE;TRUE;FALSE;TRUE;44.9974;-14.8456;-40.326;224.999;17.7288;89.9992;0;2;0;0;44.999;-14.8448;-40.3259;224.999;17.7288;89.999;0;2;0;0;44.999;-14.8448;-40.3259;224.999;17.7288;89.999
314;2;0;0;-4;0;TRUE;FALSE;TRUE;FALSE;-90.0004;-14.0391;-27.7374;89.9996;31.6269;-180;-2;0;-3;0;-90.0004;-14.0391;-27.7374;89.9996;31.6269;-180;-2;0;-3;0;-90.0004;-14.0391;-27.7374;89.9996;31.6269;-180
315;4;0;-4;0;0;TRUE;FALSE;TRUE;FALSE;44.9991;47.2877;-62.7499;-180;43.8863;-0.00038459;0;-3;-1;0;44.9996;47.2884;-62.7497;-180;43.8862;-0.000371863;0;-3;-1;0;44.9996;47.2884;-62.7497;-180;43.8862;-0.000372291
321;1;0;-4;-4;0;TRUE;FALSE;TRUE;FALSE;135;-53.5077;8.93679;-180;28.7613;-225;1;-3;-3;0;135;-53.5069;8.93733;-180;28.7612;-225;1;-3;-3;0;135;-53.5069;8.93733;-180;28.7612;-225
326;5;0;0;0;0;TRUE;FALSE;TRUE;FALSE;0.00136491;34.5579;-43.3928;-89.9999;39.6875;0.000349487;0;-1;0;0;0.000246599;34.5585;-43.3927;-89.9998;39.6875;0.000250198;0;-1;0;0;0.000246599;34.5585;-43.3927;-89.9998;39.6875;0.000250198
327;5;0;0;0;0;TRUE;FALSE;TRUE;FALSE;44.9986;-5.09626;22.9738;90.0001;49.8427;180;0;1;2;0;45.0001;-5.09598;22.974;90.0001;49.8428;180;0;1;2;0;45.0001;-5.09598;22.974;90.0001;49.8428;180
328;5;0;0;0;0;TRUE;FALSE;TRUE;FALSE;134.999;54.9856;-25.7535;135;10.1901;135;1;1;1;0;135;54.9864;-25.7537;135;10.1901;135;1;1;1;0;135;54.9864;-25.7537;135;10.1901;135
330;2;0;0;-4;0;TRUE;FALSE;TRUE;FALSE;-90.0008;-54.0342;23.1568;134.999;34.033;-180.001;-2;1;-3;0;-90.0009;-54.0342;23.1565;134.999;34.033;-180.001;-2;1;-3;0;-90.0009;-54.0342;23.1565;134.999;34.033;-180.001
333;4;0;-4;0;0;FALSE;FALSE;TRUE;FALSE;-135;-34.4777;47.8461;-270;36.9518;8.62175E-5;-2;-3;0;0;-135;-34.478;47.8457;-270;36.9518;0.000150528;-2;-3;0;0;-135;-34.478;47.8457;-270;36.9518;0.000148146
339;5;0;0;0;0;FALSE;TRUE;FALSE;TRUE;-45.0001;-26.0512;-40.195;225;3.12388;225;-1;2;2;0;-45.0001;-26.0512;-40.195;225;3.12388;225;-1;2;2;0;-45.0001;-26.0512;-40.195;225;3.12388;225
340;6;0;4;0;0;TRUE;FALSE;TRUE;FALSE;0.000270803;-5.93172;30.0556;270;5.07768;135.001;0;3;1;0;0.000513503;-5.93097;30.0558;270;5.07767;135.001;0;3;1;0;0.00051353;-5.93097;30.0558;270.001;5.07767;135.001
341;5;0;0;0;0;FALSE;TRUE;FALSE;TRUE;0.000672634;45.0135;-74.0411;90.0011;47.1896;45.0008;0;1;0;0;0.000907846;45.0142;-74.041;90.0009;47.1896;45.0009;0;1;0;0;0.0009078;45.0142;-74.041;90.0009;47.1896;45.0009
345;5;0;0;0;0;TRUE;FALSE;TRUE;FALSE;-44.9986;-55.862;48.0717;180.001;33.8225;-89.9992;-1;2;-1;0;-44.9992;-55.8617;48.0718;180.001;33.8224;-89.9992;-1;2;-1;0;-44.9992;-55.8617;48.0718;180.001;33.8224;-89.9992
348;5;0;0;0;0;TRUE;FALSE;TRUE;FALSE;-135;-17.4817;-58.568;45.0001;23.5646;135;-2;0;1;0;-135;-17.4816;-58.5681;45.0001;23.5646;135;-2;0;1;0;-135;-17.4816;-58.5681;45.0001;23.5646;135
352;2;0;0;-4;0;FALSE;TRUE;FALSE;TRUE;89.9996;-7.54235;-19.7311;-0.000442548;5.18205;-225;0;-1;-3;0;89.9995;-7.54234;-19.7311;-0.000426035;5.18205;-225;0;-1;-3;0;89.9995;-7.54234;-19.7311;-0.000433767;5.18205;-225
352;5;0;0;0;0;TRUE;FALSE;TRUE;FALSE;89.9995;-7.54248;-19.7308;-0.000201877;5.18208;134.999;0;-1;1;0;89.9995;-7.54234;-19.7311;-0.000426035;5.18205;135;0;-1;1;0;89.9995;-7.54234;-19.7311;-0.00041774;5.18205;135
353;5;0;0;0;0;TRUE;FALSE;TRUE;FALSE;134.999;20.8536;25.8978;-89.9997;47.792;180;1;-1;2;0;135;20.8545;25.898;-89.9997;47.792;180;1;-1;2;0;135;20.8545;25.898;-89.9997;47.792;180
355;1;0;-4;-4;0;FALSE;TRUE;FALSE;TRUE;-135;40.3888;-58.0801;-270;3.4553;-180;-2;-3;-3;0;-135;40.3888;-58.0801;-270;3.4553;-180;-2;-3;-3;0;-135;40.3888;-58.0801;-270;3.4553;-180
355;4;0;-4;0;0;TRUE;FALSE;TRUE;FALSE;-135;40.3888;-58.0801;-270;3.4553;180;-2;-3;1;0;-135;40.3888;-58.0801;-270;3.4553;180;-2;-3;1;0;-135;40.3888;-58.0801;-270;3.4553;180
357;5;0;0;0;0;TRUE;FALSE;TRUE;FALSE;0.000523498;4.66014;-20.5008;90.0004;10.4209;0.000375412;0;1;0;0;0.000404497;4.66017;-20.5008;90.0004;10.4208;0.000381899;0;1;0;0;0.000404497;4.66017;-20.5008;90.0004;10.4208;0.000381899
358;2;0;0;-4;0;TRUE;FALSE;TRUE;FALSE;45.0005;10.6809;-48.7884;-89.9995;3.22093;-269.999;0;-1;-3;0;45.0006;10.6809;-48.7884;-89.9995;3.22092;-269.999;0;-1;-3;0;45.0006;10.6809;-48.7884;-89.9995;3.22092;-269.999
362;1;0;-4;-4;0;TRUE;FALSE;TRUE;FALSE;-45.0018;3.80612;-15.3631;-225;11.7887;-270.001;-1;-3;-4;0;-45.0003;3.80687;-15.363;-225;11.7887;-270;-1;-3;-4;0;-45.0003;3.80687;-15.363;-225;11.7887;-270
362;2;0;0;-4;0;FALSE;TRUE;FALSE;TRUE;-45.0003;3.80687;-15.363;135;11.7887;-270;-1;1;-4;0;-45.0003;3.80687;-15.363;135;11.7887;-270;-1;1;-4;0;-45.0003;3.80687;-15.363;135;11.7887;-270
364;1;0;-4;-4;0;TRUE;FALSE;TRUE;FALSE;135;23.6441;-33.2126;-225;19.9464;-135;1;-3;-2;0;135;23.6451;-33.2124;-225;19.9463;-135;1;-3;-2;0;135;23.6451;-33.2124;-225;19.9463;-135
366;4;0;-4;0;0;TRUE;FALSE;TRUE;FALSE;-0.000840037;-6.4516;-69.9468;-225;18.6682;90.0002;-1;-3;1;0;0.000277591;-6.45101;-69.9466;-225;18.6682;90.0003;0;-3;1;0;0.000277903;-6.45101;-69.9466;-225;18.6682;90.0003
366;5;0;0;0;0;FALSE;TRUE;FALSE;TRUE;-0.000437089;-6.45154;-69.9468;135;18.6682;90.0002;-1;1;1;0;0.000277591;-6.45101;-69.9466;135;18.6682;90.0003;0;1;1;0;0.000277338;-6.45101;-69.9466;135;18.6682;90.0003
367;2;0;0;-4;0;TRUE;FALSE;TRUE;FALSE;-89.9984;-56.7007;34.0898;180;43.6867;-225;-1;2;-3;0;-89.9999;-56.7003;34.0907;180;43.6866;-225;-1;2;-3;0;-89.9999;-56.7003;34.0907;180;43.6866;-225
368;1;0;-4;-4;0;TRUE;FALSE;TRUE;FALSE;-134.999;-8.11454;-36.6601;-225;20.4041;-225;-2;-3;-3;0;-135;-8.11365;-36.6601;-225;20.4041;-225;-2;-3;-3;0;-135;-8.11365;-36.6601;-225;20.4041;-225
368;4;0;-4;0;0;FALSE;TRUE;FALSE;TRUE;-135;-8.11392;-36.6601;-225;20.4041;135;-2;-3;1;0;-135;-8.11365;-36.6601;-225;20.4041;135;-2;-3;1;0;-135;-8.11365;-36.6601;-225;20.4041;135
369;2;0;0;-4;0;FALSE;FALSE;TRUE;FALSE;-134.999;-8.94929;24.9057;90.0009;50.2897;-224.999;-2;1;-3;0;-134.999;-8.94864;24.9062;90.0008;50.2896;-224.999;-2;1;-3;0;-134.999;-8.94864;24.9062;90.0008;50.2896;-224.999
371;5;0;0;0;0;TRUE;FALSE;TRUE;FALSE;-134.999;46.6433;-75.5726;180;36.3091;-44.9998;-2;2;-1;0;-135;46.6439;-75.5724;180;36.3091;-44.9998;-2;2;-1;0;-135;46.6439;-75.5724;180;36.3091;-44.9998
372;4;0;-4;0;0;TRUE;FALSE;TRUE;FALSE;-135;42.718;-71.3272;-180;23.8356;45.0002;-2;-2;0;0;-135;42.7179;-71.3272;-180;23.8356;45.0002;-2;-2;0;0;-135;42.718;-71.3272;-180;23.8356;45.0002
374;2;0;0;-4;0;FALSE;TRUE;FALSE;TRUE;45.0009;18.0489;-49.3755;135;51.2198;-135;0;1;-2;0;44.9998;18.0492;-49.3756;135;51.2198;-135;0;1;-2;0;44.9998;18.0492;-49.3756;135;51.2198;-135
374;5;0;0;0;0;TRUE;FALSE;TRUE;FALSE;45.0006;18.049;-49.3755;135;51.2199;225;0;1;2;0;44.9998;18.0492;-49.3756;135;51.2198;225;0;1;2;0;44.9998;18.0492;-49.3756;135;51.2198;225
375;5;0;0;0;0;TRUE;FALSE;TRUE;FALSE;134.999;25.4499;31.7341;45.0002;55.8251;-89.9998;1;0;-1;0;135;25.4506;31.7341;45.0003;55.8251;-89.9997;1;0;-1;0;135;25.4506;31.7341;45.0003;55.8251;-89.9997
376;5;0;0;0;0;FALSE;TRUE;FALSE;TRUE;44.9999;-8.4217;-70.0658;-0.000361092;28.5763;44.9996;0;-1;0;0;44.9996;-8.42128;-70.0656;-0.000369444;28.5763;44.9996;0;-1;0;0;44.9996;-8.42128;-70.0656;-0.000369785;28.5763;44.9996
377;4;0;-4;0;0;FALSE;TRUE;FALSE;FALSE;-0.000954694;47.0174;39.2959;-180.001;4.803;134.999;-1;-3;1;0;-0.000971691;47.0174;39.2959;-180.001;4.80301;134.999;-1;-3;1;0;9E+9;9E+9;9E+9;9E+9;9E+9;9E+9
379;5;0;0;0;0;TRUE;FALSE;TRUE;FALSE;134.999;23.3622;-38.1682;179.999;44.4576;89.9993;1;1;0;0;134.999;23.3631;-38.1677;179.999;44.4575;89.9993;1;1;0;0;134.999;23.3631;-38.1677;179.999;44.4575;89.9993
380;4;0;-4;0;0;FALSE;TRUE;FALSE;TRUE;135;6.56086;-14.1847;-135;19.1058;-90.0002;1;-2;-2;0;135;6.56086;-14.1847;-135;19.1058;-90.0002;1;-2;-2;0;135;6.56086;-14.1847;-135;19.1058;-90.0002
381;4;0;-4;0;0;TRUE;FALSE;TRUE;FALSE;135;54.0984;-45.7378;-135.001;43.7545;-90.0003;1;-2;-2;0;135;54.1002;-45.7375;-135;43.7544;-90.0004;1;-2;-2;0;135;54.1002;-45.7375;-135;43.7544;-90.0004
383;1;0;-4;-4;0;FALSE;TRUE;FALSE;TRUE;89.9983;44.5375;-51.5656;-135.001;13.8177;-315;0;-2;-4;0;89.9994;44.5381;-51.5656;-135.001;13.8176;-315.001;0;-2;-4;0;89.9994;44.5381;-51.5656;-135.001;13.8176;-315.001
389;5;0;0;0;0;FALSE;TRUE;FALSE;TRUE;134.999;18.4882;30.8212;135;52.421;-89.9999;1;1;-1;0;135;18.4887;30.8216;135;52.421;-89.9998;1;1;-1;0;135;18.4887;30.8216;135;52.421;-89.9999
392;2;0;0;-4;0;TRUE;FALSE;TRUE;FALSE;-89.9984;52.0893;16.1505;-89.9988;58.8921;-179.999;-1;-1;-2;0;-89.999;52.0896;16.1501;-89.999;58.8922;-179.999;-1;-1;-2;0;-89.999;52.0896;16.1501;-89.999;58.8922;-179.999
392;3;0;4;-4;0;FALSE;TRUE;FALSE;TRUE;-89.9986;52.0896;16.1504;270.001;58.8922;-179.999;-1;3;-2;0;-89.999;52.0896;16.1501;270.001;58.8922;-179.999;-1;3;-2;0;-89.999;52.0896;16.1501;270.001;58.8922;-179.999
396;5;0;0;0;0;FALSE;TRUE;FALSE;TRUE;-0.000192295;24.5527;-54.4858;179.999;37.7227;-0.000614409;-1;1;-1;0;-0.000659841;24.5534;-54.4856;179.999;37.7227;-0.000659841;-1;1;-1;0;-0.000659841;24.5534;-54.4856;179.999;37.7227;-0.000659841
396;8;0;0;4;0;TRUE;FALSE;TRUE;FALSE;0.000146109;24.5526;-54.4858;179.999;37.7228;359.999;0;1;3;0;-0.000659841;24.5534;-54.4856;179.999;37.7227;359.999;-1;1;3;0;-0.000659841;24.5534;-54.4856;179.999;37.7227;359.999
397;2;0;0;-4;0;FALSE;TRUE;FALSE;TRUE;-0.000396994;-18.7408;-24.1581;90.0003;3.47003;-135;-1;1;-2;0;-2.07584E-5;-18.7414;-24.1588;90;3.46995;-135;-1;0;-2;0;-2.07338E-5;-18.7414;-24.1588;90;3.46995;-135
397;5;0;0;0;0;TRUE;FALSE;TRUE;FALSE;-1.7972E-5;-18.7414;-24.1588;90;3.46995;225;-1;0;2;0;-2.07584E-5;-18.7414;-24.1588;90;3.46995;225;-1;0;2;0;-2.05082E-5;-18.7414;-24.1588;90;3.46995;225
398;1;0;-4;-4;0;FALSE;TRUE;FALSE;TRUE;89.9979;-53.3678;9.27449;-135.001;44.5819;-315.001;0;-2;-4;0;89.9991;-53.3677;9.27458;-135.001;44.582;-315.001;0;-2;-4;0;89.9991;-53.3677;9.27458;-135.001;44.582;-315.001
398;2;0;0;-4;0;TRUE;FALSE;TRUE;FALSE;89.9978;-53.3678;9.27442;224.999;44.582;-315.001;0;2;-4;0;89.9991;-53.3677;9.27458;224.999;44.582;-315.001;0;2;-4;0;89.9991;-53.3677;9.27458;224.999;44.582;-315.001
399;5;0;0;0;0;FALSE;TRUE;FALSE;TRUE;45.0014;43.6582;-49.8122;45.0007;56.1603;180.001;0;0;2;0;45.0009;43.6592;-49.812;45.0009;56.1602;180.001;0;0;2;0;45.0009;43.6592;-49.812;45.0009;56.1602;180.001
402;5;0;0;0;0;TRUE;FALSE;TRUE;FALSE;135.001;23.0582;-34.5061;90.0013;12.5028;45.0007;1;1;0;0;135.001;23.0592;-34.5057;90.0009;12.5028;45.0009;1;1;0;0;135.001;23.0592;-34.5057;90.0009;12.5028;45.0009
404;5;0;0;0;0;TRUE;FALSE;TRUE;FALSE;0.000243016;-24.0443;-5.88489;-89.9997;23.5096;45.0003;0;-1;0;0;0.000310181;-24.0443;-5.88488;-89.9997;23.5096;45.0003;0;-1;0;0;0.000310218;-24.0443;-5.88488;-89.9997;23.5096;45.0003
405;9;0;4;4;0;FALSE;TRUE;FALSE;TRUE;-44.9983;43.4859;-18.1601;270;51.2988;315;-1;3;3;0;-44.9998;43.487;-18.16;270;51.2986;315;-1;3;3;0;-44.9998;43.487;-18.16;270;51.2986;315
408;5;0;0;0;0;FALSE;TRUE;FALSE;TRUE;134.998;-27.454;-37.5163;-90.0006;47.5777;-45.0002;1;-2;-1;0;134.999;-27.4538;-37.517;-90.0005;47.5777;-45.0006;1;-2;-1;0;134.999;-27.4538;-37.517;-90.0005;47.5777;-45.0006
408;8;0;0;4;0;TRUE;FALSE;TRUE;FALSE;134.998;-27.4541;-37.5165;-90.0003;47.5777;314.999;1;-2;3;0;134.999;-27.4538;-37.517;-90.0005;47.5777;314.999;1;-2;3;0;134.999;-27.4538;-37.517;-90.0005;47.5777;314.999
409;8;0;0;4;0;FALSE;TRUE;FALSE;TRUE;90.0007;34.986;-69.8794;90.0012;14.854;315;1;1;3;0;90.0007;34.987;-69.8791;90.0007;14.854;315.001;1;1;3;0;90.0007;34.987;-69.8791;90.0008;14.854;315.001
414;4;0;-4;0;0;TRUE;FALSE;TRUE;FALSE;44.9997;56.8017;-48.1776;-180;44.368;-44.9999;0;-2;-1;0;45;56.8029;-48.1774;-180;44.3678;-45;0;-2;-1;0;45;56.8029;-48.1774;-180;44.3678;-45
414;7;0;-4;4;0;FALSE;TRUE;FALSE;TRUE;45.0003;56.8011;-48.1776;-180;44.3679;315;0;-2;3;0;45;56.8029;-48.1774;-180;44.3678;315;0;-2;3;0;45;56.8029;-48.1774;-180;44.3678;315
415;6;0;4;0;0;FALSE;TRUE;FALSE;TRUE;89.9989;46.1195;38.5261;225;14.5536;45.0013;0;2;0;0;90.0009;46.1202;38.5263;225.001;14.5537;45.0009;1;2;0;0;90.0009;46.1202;38.5263;225.001;14.5537;45.0009
417;5;0;0;0;0;TRUE;FALSE;TRUE;FALSE;134.999;-6.25017;26.4493;-45.0003;56.2444;-0.000363679;1;-1;-1;0;135;-6.24958;26.4495;-45.0004;56.2444;-0.000368931;1;-1;-1;0;135;-6.24958;26.4495;-45.0004;56.2444;-0.00037051
417;8;0;0;4;0;FALSE;TRUE;FALSE;TRUE;135;-6.25;26.4492;-45.0004;56.2445;360;1;-1;3;0;135;-6.24958;26.4495;-45.0004;56.2444;360;1;-1;3;0;135;-6.24958;26.4495;-45.0004;56.2444;360
422;6;0;4;0;0;TRUE;FALSE;TRUE;FALSE;90.0009;-4.39652;-12.5977;270.001;1.60955;0.000939835;1;3;0;0;90.0009;-4.3965;-12.5977;270.001;1.60955;0.000932172;1;3;0;0;90.0009;-4.3965;-12.5977;270.001;1.60955;0.000938077
423;2;0;0;-4;0;FALSE;TRUE;FALSE;TRUE;134.999;8.15732;-29.2571;-44.9996;58.7823;-315;1;-1;-4;0;135;8.1576;-29.2569;-44.9997;58.7823;-315;1;-1;-4;0;135;8.1576;-29.2569;-44.9997;58.7823;-315
426;8;0;0;4;0;TRUE;FALSE;TRUE;FALSE;-89.9988;1.45531;-46.6065;-89.9995;41.2073;315.001;-1;-1;3;0;-89.9995;1.45573;-46.6063;-89.9995;41.2073;315.001;-1;-1;3;0;-89.9995;1.45573;-46.6063;-89.9995;41.2073;315.001
435;5;0;0;0;0;FALSE;TRUE;FALSE;TRUE;45;-43.8423;22.244;-135;36.8969;-89.9998;0;-2;-1;0;45.0001;-43.8423;22.244;-135;36.8969;-89.9998;0;-2;-1;0;45.0001;-43.8423;22.244;-135;36.8969;-89.9998
435;8;0;0;4;0;TRUE;FALSE;TRUE;FALSE;45.0001;-43.8423;22.244;-135;36.8969;270;0;-2;3;0;45.0001;-43.8423;22.244;-135;36.8969;270;0;-2;3;0;45.0001;-43.8423;22.244;-135;36.8969;270
436;5;0;0;0;0;FALSE;TRUE;FALSE;TRUE;90.0008;55.3856;8.56838;-134.999;8.33155;90.0008;1;-2;1;0;90.0009;55.3856;8.56838;-134.999;8.33155;90.0008;1;-2;1;0;90.0009;55.3856;8.56838;-134.999;8.33155;90.0008
437;1;0;-4;-4;0;TRUE;FALSE;TRUE;FALSE;45.0011;44.1608;-38.4413;-179.999;9.51261;-179.999;0;-2;-2;0;45.0006;44.1609;-38.4414;-179.999;9.51262;-179.999;0;-2;-2;0;45.0006;44.1609;-38.4414;-179.999;9.51262;-179.999
438;5;0;0;0;0;TRUE;FALSE;TRUE;FALSE;45.0009;-0.363791;16.3722;90.0011;18.8458;135.001;0;1;1;0;45.001;-0.364389;16.3723;90.001;18.8458;135.001;0;1;1;0;45.001;-0.364389;16.3723;90.001;18.8458;135.001
443;2;0;0;-4;0;TRUE;FALSE;TRUE;FALSE;-0.000907838;40.9441;-55.3863;90.0011;24.6669;-180;-1;1;-2;0;0.000484134;40.9455;-55.3862;90.0005;24.6669;-180;0;1;-2;0;0.000484284;40.9455;-55.3862;90.0005;24.6669;-179.999
444;2;0;0;-4;0;TRUE;FALSE;TRUE;FALSE;89.9987;35.1219;17.4555;225;42.2072;-360;0;2;-4;0;90;35.1225;17.4554;225;42.2071;-360;0;2;-5;0;90;35.1225;17.4554;225;42.2071;-360
445;2;0;0;-4;0;TRUE;FALSE;TRUE;FALSE;89.9997;37.2827;-71.5058;-1.52416E-5;56.6746;-225;0;-1;-3;0;90;37.2832;-71.5058;-1.03533E-5;56.6747;-225;0;-1;-3;0;90;37.2832;-71.5058;-1.07895E-5;56.6747;-225
445;5;0;0;0;0;FALSE;TRUE;FALSE;TRUE;89.9995;37.2826;-71.5058;3.58812E-5;56.6746;135;0;0;1;0;90;37.2832;-71.5058;-1.03533E-5;56.6747;135;0;-1;1;0;90;37.2832;-71.5058;-1.24708E-5;56.6747;135
446;1;0;-4;-4;0;FALSE;TRUE;FALSE;TRUE;134.999;-49.372;4.0855;-224.999;7.26785;-314.999;1;-3;-4;0;135.001;-49.3722;4.0852;-224.999;7.26768;-314.999;1;-3;-4;0;135.001;-49.3722;4.0852;-224.999;7.26768;-314.999
446;2;0;0;-4;0;TRUE;FALSE;TRUE;FALSE;135;-49.3721;4.08529;135.001;7.26766;-314.999;1;1;-4;0;135.001;-49.3722;4.0852;135.001;7.26768;-314.999;1;1;-4;0;135.001;-49.3722;4.0852;135.001;7.26768;-314.999
447;2;0;0;-4;0;TRUE;FALSE;TRUE;FALSE;134.999;42.3097;-15.6645;180;30.7573;-135;1;1;-2;0;135;42.3115;-15.6645;180;30.7572;-135;1;1;-2;0;135;42.3115;-15.6645;180;30.7572;-135
447;5;0;0;0;0;FALSE;TRUE;FALSE;TRUE;135;42.3102;-15.6646;180;30.7572;225;1;2;2;0;135;42.3115;-15.6645;180;30.7572;225;1;1;2;0;135;42.3115;-15.6645;180;30.7572;225
449;5;0;0;0;0;TRUE;FALSE;TRUE;FALSE;89.9978;30.8841;-40.2428;135;58.2954;-0.000108928;0;1;-1;0;89.9999;30.8853;-40.2426;135;58.2952;-6.54747E-5;0;1;-1;0;89.9999;30.8853;-40.2426;135;58.2952;-6.55767E-5
450;2;0;0;-4;0;FALSE;TRUE;FALSE;TRUE;45.0022;27.0905;5.37455;135.001;41.0756;-180;0;1;-2;0;45.0003;27.0913;5.37461;135;41.0755;-180;0;1;-2;0;45.0003;27.0913;5.37461;135;41.0755;-180
460;2;0;0;-4;0;FALSE;TRUE;FALSE;TRUE;-90.0001;-1.40131;-53.2758;134.999;22.6784;-180.001;-2;1;-3;0;-90.0009;-1.40079;-53.2756;134.999;22.6783;-180.001;-2;1;-3;0;-90.0009;-1.40079;-53.2756;134.999;22.6783;-180.001
460;5;0;0;0;0;TRUE;FALSE;TRUE;FALSE;-89.9988;-1.40189;-53.2759;134.999;22.6783;179.999;-1;1;1;0;-90.0009;-1.40079;-53.2756;134.999;22.6783;179.999;-2;1;1;0;-90.0009;-1.40079;-53.2756;134.999;22.6783;179.999
461;5;0;0;0;0;FALSE;TRUE;FALSE;TRUE;44.9995;-58.9416;32.0673;-45.0004;7.57347;-45.0005;0;-1;-1;0;44.9996;-58.9416;32.0673;-45.0004;7.57347;-45.0005;0;-1;-1;0;44.9996;-58.9416;32.0673;-45.0004;7.57348;-45.0005
461;8;0;0;4;0;TRUE;FALSE;TRUE;FALSE;44.9982;-58.9422;32.0666;-45.0003;7.57347;314.999;0;-1;3;0;44.9996;-58.9416;32.0673;-45.0004;7.57347;315;0;-1;3;0;44.9996;-58.9416;32.0673;-45.0004;7.57347;315
463;7;0;-4;4;0;TRUE;FALSE;TRUE;FALSE;89.9992;20.8944;-37.2075;-225.001;31.3339;269.999;0;-3;2;0;89.9994;20.8948;-37.2076;-225.001;31.334;269.999;0;-3;2;0;89.9994;20.8948;-37.2076;-225.001;31.334;269.999
464;5;0;0;0;0;FALSE;TRUE;FALSE;TRUE;135.001;-33.5038;33.3448;135.001;50.3153;-44.9991;1;1;-1;0;135.001;-33.5038;33.3448;135.001;50.3153;-44.9991;1;1;-1;0;135.001;-33.5038;33.3448;135.001;50.3153;-44.9991
464;8;0;0;4;0;TRUE;FALSE;TRUE;FALSE;135.001;-33.5038;33.3448;135.001;50.3153;315.001;1;1;3;0;135.001;-33.5038;33.3448;135.001;50.3153;315.001;1;1;3;0;135.001;-33.5038;33.3448;135.001;50.3152;315.001
470;2;0;0;-4;0;TRUE;FALSE;TRUE;FALSE;-44.9975;31.6573;49.385;-44.9996;38.9788;-270;-1;-1;-3;0;-44.9999;31.6581;49.3851;-44.9999;38.9789;-270;-1;-1;-3;0;-44.9999;31.6581;49.3851;-44.9999;38.9789;-270
470;5;0;0;0;0;FALSE;TRUE;FALSE;TRUE;-44.9975;31.6575;49.3851;-45;38.9789;89.9999;-1;-1;0;0;-44.9999;31.6581;49.3851;-44.9999;38.9789;90.0001;-1;-1;1;0;-44.9999;31.6581;49.3851;-44.9999;38.9789;90.0001
472;2;0;0;-4;0;TRUE;FALSE;TRUE;FALSE;-135;-55.3233;1.53812;-89.9998;3.83801;-180;-2;-1;-2;0;-135;-55.3233;1.53813;-89.9998;3.83801;-180;-2;-1;-2;0;-135;-55.3233;1.53813;-89.9998;3.83801;-180
473;5;0;0;0;0;TRUE;FALSE;TRUE;FALSE;44.9992;-4.36403;-15.7758;-90.0008;21.0175;-45.0006;0;-2;-1;0;44.9993;-4.36354;-15.7756;-90.0007;21.0175;-45.0007;0;-2;-1;0;44.9993;-4.36354;-15.7756;-90.0007;21.0175;-45.0007
476;2;0;0;-4;0;TRUE;FALSE;TRUE;FALSE;134.999;16.0159;-19.8584;224.999;14.7698;-360.001;1;2;-5;0;134.999;16.0167;-19.8581;224.999;14.7697;-360.001;1;2;-5;0;134.999;16.0167;-19.8581;224.999;14.7697;-360.001
478;5;0;0;0;0;FALSE;TRUE;FALSE;TRUE;-135;-21.1292;15.19;-135;9.10977;135;-2;-2;1;0;-135;-21.1292;15.19;-135;9.10978;135;-2;-2;1;0;-135;-21.1292;15.19;-135;9.10978;135
478;6;0;4;0;0;TRUE;FALSE;TRUE;FALSE;-135;-21.1292;15.19;225;9.10978;135;-2;2;1;0;-135;-21.1292;15.19;225;9.10978;135;-2;2;1;0;-135;-21.1292;15.19;225;9.10977;135
480;7;0;-4;4;0;TRUE;FALSE;TRUE;FALSE;0.000810377;47.2179;-72.5256;-270;32.2862;360;0;-3;3;0;0.000193851;47.2189;-72.5254;-270;32.2861;360;0;-3;4;0;0.000193821;47.2189;-72.5254;-270;32.2861;360
481;8;0;0;4;0;TRUE;FALSE;TRUE;FALSE;45.0004;-16.4672;30.3851;-44.9995;18.3789;270.001;0;-1;3;0;45.0005;-16.4672;30.3852;-44.9995;18.3789;270.001;0;-1;3;0;45.0005;-16.4672;30.3852;-44.9995;18.3789;270.001
482;2;0;0;-4;0;TRUE;FALSE;TRUE;FALSE;-90;42.2008;-31.8832;-0.00081941;17.8973;-315.001;-1;-1;-4;0;-90.0008;42.2016;-31.8833;-0.000802329;17.8973;-315.001;-2;-1;-4;0;-90.0008;42.2016;-31.8833;-0.0008023;17.8973;-315.001
483;2;0;0;-4;0;TRUE;FALSE;TRUE;FALSE;-0.000864454;11.409;-44.2974;-134.999;40.1637;-359.999;-1;-2;-4;0;0.000821633;11.4097;-44.2973;-134.999;40.1636;-359.999;0;-2;-4;0;0.00082156;11.4097;-44.2973;-134.999;40.1636;-359.999
483;3;0;4;-4;0;FALSE;TRUE;FALSE;TRUE;-0.00133386;11.4087;-44.2975;225.001;40.1636;-359.999;-1;2;-4;0;0.000821633;11.4097;-44.2973;225.001;40.1636;-359.999;0;2;-4;0;0.000821663;11.4097;-44.2973;225.001;40.1636;-359.999
487;2;0;0;-4;0;TRUE;FALSE;TRUE;FALSE;89.9995;24.084;-7.48377;-135;40.9107;-225;0;-2;-3;0;90.0001;24.0846;-7.48375;-135;40.9107;-225;1;-2;-3;0;90.0001;24.0846;-7.48375;-135;40.9107;-225
487;5;0;0;0;0;FALSE;TRUE;FALSE;TRUE;89.9996;24.0841;-7.48381;-135;40.9107;135;0;-2;1;0;90.0001;24.0846;-7.48375;-135;40.9107;135;1;-2;1;0;90.0001;24.0846;-7.48375;-135;40.9107;135
488;4;0;-4;0;0;TRUE;FALSE;TRUE;FALSE;45.0008;38.2574;-64.289;-269.999;6.37044;45.0007;0;-3;0;0;45.0008;38.2574;-64.289;-269.999;6.37043;45.0007;0;-3;0;0;45.0008;38.2574;-64.289;-269.999;6.37043;45.0007
489;2;0;0;-4;0;TRUE;FALSE;TRUE;FALSE;44.9995;26.465;-35.9777;180;50.9232;-225;0;1;-3;0;44.9996;26.465;-35.9777;180;50.9232;-225;0;1;-3;0;44.9996;26.465;-35.9777;180;50.9232;-225
490;3;0;4;-4;0;FALSE;TRUE;FALSE;TRUE;-89.9983;6.95209;-62.5793;225.001;40.9144;-359.999;-1;2;-4;0;-89.9991;6.95271;-62.5791;225.001;40.9143;-359.999;-1;2;-4;0;-89.9991;6.95271;-62.5791;225.001;40.9143;-359.999
490;6;0;4;0;0;TRUE;FALSE;TRUE;FALSE;-89.9985;6.95234;-62.5792;225.001;40.9144;0.000899899;-1;2;0;0;-89.9991;6.95271;-62.5791;225.001;40.9143;0.000895482;-1;2;0;0;-89.9991;6.95271;-62.5791;225.001;40.9143;0.000900591
491;6;0;4;0;0;FALSE;TRUE;FALSE;TRUE;-0.000610419;23.9484;-67.1062;225;51.0459;0.000260825;-1;2;0;0;0.00019765;23.9491;-67.1059;225;51.0459;0.000178331;0;2;0;0;0.000197644;23.9491;-67.1059;225;51.0459;0.000182006
493;1;0;-4;-4;0;TRUE;FALSE;TRUE;FALSE;135;19.7334;-75.7828;-225;12.8929;-225;1;-3;-3;0;135;19.7339;-75.7827;-225;12.8928;-225;1;-3;-3;0;135;19.7339;-75.7827;-225;12.8928;-225
494;7;0;-4;4;0;TRUE;FALSE;TRUE;FALSE;-45.0001;-35.8992;27.3579;-135;50.1908;315;-1;-2;3;0;-45.0001;-35.8989;27.358;-135;50.1907;315;-1;-2;3;0;-45.0001;-35.8989;27.358;-135;50.1907;315
495;5;0;0;0;0;FALSE;TRUE;FALSE;TRUE;90.0006;14.6137;8.83419;90.0009;20.1587;-134.999;1;1;-2;0;90.001;14.6141;8.83419;90.001;20.1587;-134.999;1;1;-2;0;90.001;14.6141;8.83419;90.001;20.1587;-134.999
503;1;0;-4;-4;0;FALSE;TRUE;FALSE;TRUE;44.9992;-37.866;49.8492;-180;34.4176;-135;0;-3;-2;0;44.9996;-37.8655;49.8492;-180;34.4176;-135;0;-3;-2;0;44.9996;-37.8655;49.8492;-180;34.4176;-135
508;4;0;-4;0;0;FALSE;TRUE;FALSE;TRUE;44.9988;42.0509;-38.8819;-225;8.54949;-0.000299509;0;-3;-1;0;44.9998;42.0515;-38.8818;-225;8.54945;-0.00017108;0;-3;-1;0;44.9998;42.0514;-38.8818;-225;8.54945;-0.000178935
508;5;0;0;0;0;TRUE;FALSE;TRUE;FALSE;44.9985;42.0507;-38.882;135;8.54945;-7.88095E-5;0;1;-1;0;44.9998;42.0515;-38.8818;135;8.54945;-0.00017108;0;1;-1;0;44.9998;42.0514;-38.8818;135;8.54946;-0.000188599
510;5;0;0;0;0;TRUE;FALSE;TRUE;TRUE;44.997;53.0122;34.4635;-44.9996;39.4128;45.0005;0;-1;0;0;45.0003;53.0125;34.4636;-44.9997;39.4128;45.0003;0;-1;0;0;45.0003;53.0125;34.4636;-44.9997;39.4128;45.0003
511;2;0;0;-4;0;TRUE;FALSE;TRUE;FALSE;135;53.5244;-66.8322;-89.9999;22.7937;-269.999;1;-1;-3;0;135;53.5252;-66.8322;-89.9997;22.7937;-270;1;-1;-3;0;135;53.5252;-66.8322;-89.9997;22.7937;-270
513;4;0;-4;0;0;TRUE;FALSE;TRUE;FALSE;89.9987;18.2244;-76.6952;-135.001;48.118;-90.0005;0;-2;-2;0;89.9994;18.225;-76.6951;-135.001;48.1179;-90.0006;0;-2;-2;0;89.9994;18.225;-76.6951;-135.001;48.118;-90.0006
513;5;0;0;0;0;FALSE;TRUE;FALSE;TRUE;89.9989;18.2246;-76.6952;224.999;48.118;-90.0005;0;2;-2;0;89.9994;18.225;-76.6951;224.999;48.1179;-90.0006;0;2;-2;0;89.9994;18.225;-76.6951;224.999;48.118;-90.0006
514;7;0;-4;4;0;TRUE;FALSE;TRUE;FALSE;90.0009;8.60805;-41.2305;-269.999;39.9585;225.001;1;-3;2;0;90.001;8.60806;-41.2305;-269.999;39.9585;225.001;1;-3;2;0;90.001;8.60806;-41.2305;-269.999;39.9585;225.001
514;8;0;0;4;0;FALSE;TRUE;FALSE;TRUE;90.001;8.60804;-41.2305;90.001;39.9585;225.001;1;1;2;0;90.001;8.60806;-41.2305;90.001;39.9585;225.001;1;1;2;0;90.001;8.60806;-41.2305;90.001;39.9585;225.001
516;5;0;0;0;0;FALSE;FALSE;TRUE;FALSE;-135;24.8559;-9.53544;135.001;19.4044;-44.9988;-2;1;-1;0;-134.999;24.8573;-9.5349;135.001;19.4043;-44.9991;-2;1;-1;0;-134.999;24.8573;-9.5349;135.001;19.4043;-44.9991
516;8;0;0;4;0;FALSE;FALSE;FALSE;TRUE;-134.998;24.8566;-9.53519;135.001;19.4042;315.001;-2;1;3;0;-134.999;24.8573;-9.5349;135.001;19.4043;315.001;-2;1;3;0;-134.999;24.8573;-9.5349;135.001;19.4043;315.001
519;4;0;-4;0;0;TRUE;FALSE;TRUE;FALSE;-45.0021;54.4581;-46.7015;-180.001;19.7963;-45.001;-1;-3;-1;0;-45.0009;54.4591;-46.7016;-180.001;19.7961;-45.0009;-1;-3;-1;0;-45.0009;54.4591;-46.7016;-180.001;19.7961;-45.0009
519;5;0;0;0;0;FALSE;TRUE;FALSE;TRUE;-45.0024;54.4582;-46.7015;179.999;19.7962;-45.0005;-1;1;-1;0;-45.0009;54.4591;-46.7016;179.999;19.7961;-45.0009;-1;1;-1;0;-45.0009;54.4591;-46.7016;179.999;19.7961;-45.0009
522;8;0;0;4;0;TRUE;FALSE;TRUE;FALSE;-45.0015;-54.4517;24.3548;44.9992;17.5952;269.999;-1;0;2;0;-45.0008;-54.4517;24.3547;44.9992;17.5951;269.999;-1;0;2;0;-45.0008;-54.4517;24.3547;44.9992;17.5951;269.999
526;9;0;4;4;0;TRUE;FALSE;TRUE;FALSE;-44.9996;25.4213;8.83418;270;15.1067;225;-1;3;2;0;-44.9996;25.4213;8.83419;270;15.1067;225;-1;3;2;0;-44.9996;25.4213;8.83419;270;15.1067;225
528;4;0;-4;0;0;TRUE;FALSE;TRUE;FALSE;-44.9974;-12.8314;7.06499;-224.999;9.50158;-134.999;-1;-3;-2;0;-44.9994;-12.8306;7.06473;-224.999;9.50163;-134.999;-1;-3;-2;0;-44.9994;-12.8306;7.06473;-224.999;9.50163;-134.999
528;5;0;0;0;0;FALSE;TRUE;FALSE;TRUE;-44.9994;-12.8306;7.06473;135.001;9.50163;-134.999;-1;1;-2;0;-44.9994;-12.8306;7.06473;135.001;9.50163;-134.999;-1;1;-2;0;-44.9994;-12.8306;7.06473;135.001;9.50163;-134.999
532;5;0;0;0;0;TRUE;FALSE;TRUE;FALSE;135;14.2252;-58.854;0.000815718;12.0395;-89.9992;1;0;-1;0;135.001;14.2259;-58.8537;0.000843522;12.0396;-89.9992;1;0;-1;0;135.001;14.2259;-58.8537;0.000835599;12.0396;-89.9991
535;2;0;0;-4;0;TRUE;FALSE;TRUE;FALSE;135;-27.4618;18.2131;180.001;6.82274;-269.999;1;2;-3;0;135.001;-27.4612;18.2131;180.001;6.82272;-269.999;1;2;-3;0;135.001;-27.4612;18.2131;180.001;6.82272;-269.999
535;5;0;0;0;0;FALSE;TRUE;FALSE;TRUE;135;-27.4621;18.213;180.001;6.82264;90.0009;1;2;1;0;135.001;-27.4612;18.2131;180.001;6.82272;90.0008;1;2;1;0;135.001;-27.4612;18.2131;180.001;6.82272;90.0008
536;4;0;-4;0;0;TRUE;FALSE;TRUE;FALSE;90.0002;34.5284;-30.0265;-135.001;16.9762;89.9992;1;-2;0;0;89.999;34.5293;-30.0266;-135.001;16.9762;89.999;0;-2;0;0;89.999;34.5293;-30.0266;-135.001;16.9762;89.999
537;2;0;0;-4;0;FALSE;TRUE;FALSE;TRUE;90.0003;41.3117;-32.2761;45.0003;50.0845;-360;1;0;-4;0;90.0003;41.3117;-32.2761;45.0003;50.0845;-360;1;0;-4;0;90.0003;41.3117;-32.2761;45.0003;50.0845;-360
539;2;0;0;-4;0;TRUE;FALSE;TRUE;FALSE;135;-27.6736;-41.1551;-44.9997;32.5443;-225;1;-1;-3;0;135;-27.6736;-41.1551;-44.9997;32.5443;-225;1;-1;-3;0;135;-27.6736;-41.1551;-44.9997;32.5443;-225
543;2;0;0;-4;0;TRUE;FALSE;TRUE;FALSE;-45.0018;4.4986;43.3702;224.999;54.5525;-315.001;-1;2;-4;0;-45.0006;4.49904;43.3705;224.999;54.5524;-315.001;-1;2;-4;0;-45.0006;4.49904;43.3705;224.999;54.5524;-315.001
543;5;0;0;0;0;FALSE;TRUE;FALSE;TRUE;-45.0022;4.49832;43.3701;224.999;54.5524;44.999;-1;2;0;0;-45.0006;4.49904;43.3705;224.999;54.5524;44.9994;-1;2;0;0;-45.0006;4.49904;43.3705;224.999;54.5524;44.9994
545;1;0;-4;-4;0;TRUE;FALSE;TRUE;FALSE;-44.999;28.7895;-1.85383;-270;51.6649;-180;-1;-4;-3;0;-45.0001;28.7906;-1.85399;-270;51.6648;-180;-1;-4;-3;0;-45.0001;28.7906;-1.85399;-270;51.6648;-180
545;4;0;-4;0;0;FALSE;TRUE;FALSE;TRUE;-44.9994;28.79;-1.85394;-270;51.6648;180;-1;-4;1;0;-45.0001;28.7906;-1.85399;-270;51.6648;180;-1;-4;1;0;-45.0001;28.7906;-1.85399;-270;51.6648;180
552;3;0;4;-4;0;TRUE;FALSE;FALSE;FALSE;44.9998;4.71437;-44.3015;270.001;48.9987;-269.999;0;3;-3;0;45.0009;4.71511;-44.3013;270.001;48.9987;-269.999;0;3;-3;0;9E+9;9E+9;9E+9;9E+9;9E+9;9E+9
553;5;0;0;0;0;FALSE;TRUE;FALSE;TRUE;0.00344349;-14.9803;-68.5143;180;10.1554;-0.000818849;0;1;-1;0;-0.000281045;-14.9803;-68.5143;180;10.1554;-0.000283226;-1;1;-1;0;-0.000281045;-14.9803;-68.5143;180;10.1554;-0.000283226
558;2;0;0;-4;0;FALSE;TRUE;FALSE;FALSE;44.9994;-15.6871;-0.842296;224.999;14.3687;-180.001;0;2;-3;0;44.9995;-15.6871;-0.84231;224.999;14.3687;-180.001;0;2;-3;0;9E+9;9E+9;9E+9;9E+9;9E+9;9E+9
562;5;0;0;0;0;TRUE;FALSE;TRUE;FALSE;89.9996;43.4163;-29.2212;224.999;44.3679;135;0;2;1;0;89.9995;43.4175;-29.2212;224.999;44.3678;134.999;0;2;1;0;89.9995;43.4175;-29.2212;224.999;44.3678;134.999
563;2;0;0;-4;0;TRUE;FALSE;TRUE;FALSE;89.9995;-30.4312;35.8165;134.999;1.60955;-180;0;1;-3;0;89.9995;-30.4312;35.8165;134.999;1.60955;-180;0;1;-3;0;89.9995;-30.4312;35.8165;135;1.60954;-180
568;1;0;-4;-4;0;TRUE;FALSE;TRUE;FALSE;45.001;46.9062;-10.1021;-225;34.3774;-180;0;-3;-3;0;44.9997;46.9076;-10.1022;-225;34.3773;-180;0;-3;-3;0;44.9997;46.9076;-10.1022;-225;34.3773;-180
569;1;0;-4;-4;0;TRUE;FALSE;TRUE;FALSE;134.999;36.6015;-49.6256;-180;3.90216;-360;1;-2;-4;0;135;36.6021;-49.6255;-180;3.90209;-360;1;-2;-4;0;135;36.6021;-49.6255;-180;3.90209;-360
571;8;0;0;4;0;FALSE;TRUE;FALSE;TRUE;134.999;-6.37814;-3.78605;135;43.282;315;1;1;3;0;135;-6.37776;-3.78612;135;43.282;315;1;1;3;0;135;-6.37776;-3.78612;135;43.282;315
572;5;0;0;0;0;TRUE;FALSE;TRUE;FALSE;90.0009;56.6629;-68.4431;180;14.0227;-90;1;1;-2;0;89.9999;56.6637;-68.443;180;14.0226;-90.0001;0;1;-2;0;89.9999;56.6637;-68.443;180;14.0226;-90.0001
575;5;0;0;0;0;FALSE;TRUE;FALSE;TRUE;45.0001;-21.4368;-2.75063;-135;11.0324;-135;0;-2;-2;0;45.0001;-21.4368;-2.75064;-135;11.0324;-135;0;-2;-2;0;45.0001;-21.4368;-2.75064;-135;11.0324;-135
582;4;0;-4;0;0;TRUE;FALSE;TRUE;FALSE;-45.0009;1.37472;-51.8434;-225;22.6197;-89.9998;-1;-3;-1;0;-44.9997;1.37516;-51.8433;-225;22.6197;-89.9997;-1;-3;-1;0;-44.9997;1.37516;-51.8433;-225;22.6197;-89.9997
583;4;0;-4;0;0;TRUE;FALSE;TRUE;FALSE;89.9984;17.5468;-38.4536;-225.001;38.1934;134.999;0;-3;1;0;89.9991;17.5475;-38.4533;-225.001;38.1933;134.999;0;-3;1;0;89.9991;17.5475;-38.4533;-225.001;38.1933;134.999
587;4;0;-4;0;0;TRUE;FALSE;TRUE;FALSE;0.00053932;2.12884;-71.2203;-180;29.6128;45.0003;0;-2;0;0;0.000312518;2.12956;-71.2201;-180;29.6127;45.0003;0;-2;0;0;0.000312542;2.12956;-71.2201;-180;29.6127;45.0003
590;5;0;0;0;0;TRUE;FALSE;TRUE;FALSE;45.0006;51.9021;-38.8342;-135;10.181;-134.999;0;-2;-2;0;45.0009;51.9028;-38.8342;-134.999;10.181;-134.999;0;-2;-2;0;45.0009;51.9028;-38.8342;-134.999;10.181;-134.999
590;8;0;0;4;0;FALSE;TRUE;FALSE;TRUE;45.0014;51.9018;-38.8342;-134.999;10.1811;225;0;-2;2;0;45.0009;51.9028;-38.8342;-134.999;10.181;225.001;0;-2;2;0;45.0009;51.9028;-38.8342;-134.999;10.181;225.001
591;2;0;0;-4;0;TRUE;FALSE;TRUE;FALSE;-45.0003;-3.459;-33.8948;-90.0004;37.0617;-225;-1;-2;-3;0;-45.0004;-3.45897;-33.8948;-90.0004;37.0617;-225;-1;-2;-3;0;-45.0004;-3.45897;-33.8948;-90.0004;37.0617;-225
596;1;0;-4;-4;0;FALSE;TRUE;FALSE;TRUE;-45.0018;33.8363;11.3177;-180.001;36.5581;-180.001;-1;-3;-3;0;-45.001;33.8371;11.3178;-180.001;36.5581;-180.001;-1;-3;-3;0;-45.001;33.8371;11.3178;-180.001;36.5581;-180.001
596;4;0;-4;0;0;TRUE;FALSE;TRUE;FALSE;-45.0016;33.8364;11.3177;-180.001;36.5582;179.999;-1;-3;1;0;-45.001;33.8371;11.3178;-180.001;36.5581;179.999;-1;-3;1;0;-45.001;33.8371;11.3178;-180.001;36.5581;179.999
597;2;0;0;-4;0;TRUE;FALSE;TRUE;FALSE;44.9983;-2.48567;-8.41173;180.001;51.0131;-359.999;0;2;-4;0;45.0007;-2.48482;-8.41213;180.001;51.0129;-359.999;0;2;-4;0;45.0007;-2.48482;-8.41213;180.001;51.0129;-359.999
597;5;0;0;0;0;FALSE;TRUE;FALSE;TRUE;44.9989;-2.48556;-8.41197;180.001;51.0129;0.000730904;0;2;0;0;45.0007;-2.48482;-8.41213;180.001;51.0129;0.000696885;0;2;0;0;45.0007;-2.48482;-8.41213;180.001;51.0129;0.000696054
599;8;0;0;4;0;TRUE;FALSE;TRUE;FALSE;134.999;-22.8148;33.202;134.999;25.3114;269.999;1;1;2;0;134.999;-22.8138;33.202;134.999;25.3114;269.999;1;1;2;0;134.999;-22.8138;33.202;134.999;25.3114;269.999
601;4;0;-4;0;0;TRUE;FALSE;TRUE;FALSE;-45.0006;6.77273;-49.6021;-225;22.5062;135;-1;-3;1;0;-44.9999;6.77327;-49.6017;-225;22.5062;135;-1;-3;1;0;-44.9999;6.77327;-49.6017;-225;22.5062;135
602;1;0;-4;-4;0;TRUE;FALSE;TRUE;FALSE;-90.0005;-15.0353;18.0227;-180.001;35.4814;-135.001;-2;-3;-2;0;-90.0006;-15.0352;18.0227;-180.001;35.4814;-135.001;-2;-3;-2;0;-90.0006;-15.0352;18.0227;-180.001;35.4814;-135.001
603;8;0;0;4;0;FALSE;TRUE;FALSE;TRUE;-134.999;55.4729;23.4302;-134.999;19.8821;225;-2;-2;2;0;-135;55.4735;23.4303;-135;19.8822;225;-2;-2;2;0;-135;55.4735;23.4303;-135;19.8822;225
603;9;0;4;4;0;TRUE;FALSE;TRUE;FALSE;-134.998;55.4722;23.4305;225;19.8823;225.001;-2;2;2;0;-135;55.4735;23.4303;225;19.8822;225;-2;2;2;0;-135;55.4735;23.4303;225;19.8822;225
604;5;0;0;0;0;TRUE;FALSE;TRUE;FALSE;-134.999;-22.4651;49.0086;-134.999;45.342;45.001;-2;-2;0;0;-134.999;-22.4659;49.0081;-134.999;45.342;45.0009;-2;-2;0;0;-134.999;-22.4659;49.0081;-134.999;45.342;45.0009
606;5;0;0;0;0;TRUE;FALSE;TRUE;FALSE;-0.000448613;18.1772;18.0663;225;7.78223;135;-1;2;1;0;-0.000348748;18.1774;18.0663;225;7.78222;135;-1;2;1;0;-0.000348747;18.1774;18.0663;225;7.78222;135
610;1;0;-4;-4;0;TRUE;FALSE;TRUE;TRUE;-45.0007;4.40644;28.7981;-180;19.2817;-314.999;-1;-2;-4;0;-44.9995;4.40748;28.7982;-180;19.2816;-315;-1;-2;-4;0;-44.9995;4.40748;28.7982;-180;19.2816;-315
610;4;0;-4;0;0;FALSE;TRUE;FALSE;FALSE;-45.0003;4.40675;28.798;-179.999;19.2815;45.0004;-1;-2;0;0;-44.9995;4.40748;28.7982;-180;19.2816;45.0005;-1;-2;0;0;9E+9;9E+9;9E+9;9E+9;9E+9;9E+9
614;8;0;0;4;0;TRUE;FALSE;FALSE;FALSE;0.0020396;-44.1759;-14.4784;135;31.3651;225;0;1;2;0;0.000457545;-44.1755;-14.4783;135;31.3651;225;0;1;2;0;9E+9;9E+9;9E+9;9E+9;9E+9;9E+9
615;1;0;-4;-4;0;TRUE;FALSE;TRUE;FALSE;-0.000343067;-31.0322;3.91038;-225;12.2703;-135;-1;-3;-2;0;-0.000387593;-31.0318;3.91064;-225;12.2703;-135;-1;-3;-2;0;-0.000387603;-31.0318;3.91064;-225;12.2703;-135
617;1;0;-4;-4;0;TRUE;FALSE;TRUE;FALSE;-134.999;57.385;-22.4565;-270;22.53;-225;-2;-3;-3;0;-135;57.3852;-22.4567;-270;22.53;-225;-2;-3;-3;0;-135;57.3852;-22.4568;-270;22.53;-225
617;2;0;0;-4;0;FALSE;TRUE;FALSE;TRUE;-135;57.3852;-22.4567;90.0003;22.53;-225;-2;1;-3;0;-135;57.3852;-22.4567;90.0003;22.53;-225;-2;1;-3;0;-135;57.3852;-22.4568;90.0003;22.53;-225
618;2;0;0;-4;0;TRUE;FALSE;TRUE;FALSE;-90.0005;31.2362;-67.8082;135.001;17.7179;-269.999;-2;1;-3;0;-89.9993;31.2369;-67.8082;135.001;17.7178;-269.999;-1;1;-3;0;-89.9993;31.2369;-67.8082;135.001;17.7178;-269.999
620;4;0;-4;0;0;FALSE;TRUE;FALSE;TRUE;45.0001;4.53509;-10.507;-180.001;26.716;-90.001;0;-3;-2;0;44.9992;4.53566;-10.5069;-180.001;26.7159;-90.0008;0;-3;-2;0;44.9992;4.53566;-10.5069;-180.001;26.7159;-90.0008
622;5;0;0;0;0;TRUE;FALSE;TRUE;FALSE;44.9987;-3.17052;-76.5527;134.999;40.4804;224.999;0;1;2;0;44.9991;-3.16963;-76.5524;134.999;40.4804;224.999;0;1;2;0;44.9991;-3.16963;-76.5524;134.999;40.4804;224.999
623;5;0;0;0;0;FALSE;TRUE;FALSE;TRUE;89.9994;7.83848;35.8165;44.9993;27.3916;44.9994;0;0;0;0;89.9994;7.83898;35.8165;44.9994;27.3916;44.9994;0;0;0;0;89.9994;7.83898;35.8165;44.9994;27.3916;44.9994
631;4;0;-4;0;0;TRUE;FALSE;TRUE;FALSE;44.9997;40.2853;31.27;-270;56.5778;-89.9998;0;-3;-1;0;45.0002;40.2863;31.2699;-270;56.5777;-89.9998;0;-3;-1;0;45.0002;40.2863;31.2699;-270;56.5777;-89.9998
632;1;0;-4;-4;0;FALSE;TRUE;FALSE;TRUE;-89.9988;54.4295;-8.23324;-179.999;31.215;-225;-1;-2;-3;0;-89.9995;54.4298;-8.23357;-180;31.2149;-225;-1;-2;-3;0;-89.9995;54.4298;-8.23357;-180;31.2149;-224.999
635;4;0;-4;0;0;TRUE;FALSE;TRUE;FALSE;44.9988;30.8036;-58.1559;-179.999;40.6545;180.001;0;-2;2;0;45.0008;30.8048;-58.1555;-179.999;40.6543;180.001;0;-2;2;0;45.0008;30.8048;-58.1555;-179.999;40.6543;180.001
635;5;0;0;0;0;FALSE;TRUE;FALSE;TRUE;44.9989;30.8038;-58.1558;180.001;40.6543;180.001;0;2;2;0;45.0008;30.8048;-58.1555;180.001;40.6543;180.001;0;2;2;0;45.0008;30.8048;-58.1555;180.001;40.6543;180.001
636;4;0;-4;0;0;TRUE;FALSE;TRUE;FALSE;90.0005;-17.3351;25.049;-224.999;45.298;-89.9993;1;-3;-1;0;90.0007;-17.3351;25.049;-224.999;45.298;-89.9993;1;-3;-1;0;90.0007;-17.3351;25.049;-224.999;45.298;-89.9993
638;4;0;-4;0;0;TRUE;FALSE;TRUE;FALSE;0.000987081;-18.6022;-47.8362;-269.999;3.62743;180.001;0;-3;2;0;0.000977721;-18.6022;-47.8362;-269.999;3.62743;180.001;0;-3;2;0;0.0009784;-18.6022;-47.8362;-269.999;3.62743;180.001
638;5;0;0;0;0;FALSE;TRUE;FALSE;TRUE;0.000974271;-18.6023;-47.8362;90.0009;3.62743;180.001;0;1;2;0;0.000977721;-18.6022;-47.8362;90.0009;3.62743;180.001;0;1;2;0;0.000977472;-18.6022;-47.8362;90.0009;3.62743;180.001
641;5;0;0;0;0;FALSE;FALSE;TRUE;FALSE;-135;-32.8565;27.2624;180;52.8954;45.0002;-2;2;0;0;-135;-32.8556;27.2628;180;52.8953;45.0002;-2;2;0;0;-135;-32.8556;27.2628;180;52.8953;45.0002
642;4;0;-4;0;0;TRUE;FALSE;TRUE;FALSE;-90.0016;40.5486;-21.9251;-180;51.8316;-3.80414E-5;-2;-3;-1;0;-90.0001;40.5499;-21.9251;-180;51.8314;-6.66729E-5;-2;-3;-1;0;-90.0001;40.5499;-21.9251;-180;51.8314;-6.71365E-5
642;5;0;0;0;0;FALSE;TRUE;FALSE;TRUE;-90.0016;40.5485;-21.9252;180;51.8312;2.27675E-5;-2;1;0;0;-90.0001;40.5499;-21.9251;180;51.8314;-6.66729E-5;-2;1;-1;0;-90.0001;40.5499;-21.9251;180;51.8314;-6.66729E-5
648;4;0;-4;0;0;TRUE;FALSE;TRUE;FALSE;44.9997;-26.1465;-38.5999;-180;27.4154;135;0;-3;1;0;44.9998;-26.1464;-38.6001;-180;27.4154;135;0;-3;1;0;44.9998;-26.1464;-38.6001;-180;27.4154;135
649;4;0;-4;0;0;FALSE;TRUE;FALSE;TRUE;44.9997;-0.866145;-58.7466;-135;48.4494;135;0;-2;1;0;44.9996;-0.866121;-58.7466;-135;48.4494;135;0;-2;1;0;44.9996;-0.866125;-58.7466;-135;48.4494;135
649;5;0;0;0;0;TRUE;FALSE;TRUE;FALSE;44.9996;-0.866808;-58.7469;225;48.4494;135;0;2;1;0;44.9996;-0.866121;-58.7466;225;48.4494;135;0;2;1;0;44.9996;-0.866125;-58.7466;225;48.4494;135
650;4;0;-4;0;0;TRUE;FALSE;TRUE;FALSE;44.9996;17.4812;43.2594;-270;10.5252;-90.0004;0;-4;-2;0;44.9997;17.4816;43.2594;-270;10.5252;-90.0003;0;-4;-2;0;44.9997;17.4816;43.2594;-270;10.5252;-90.0003
652;5;0;0;0;0;FALSE;TRUE;FALSE;TRUE;-0.00180087;51.5175;-34.6881;-90.001;22.2279;-90.0002;-1;-2;-2;0;-0.000604388;51.5183;-34.6883;-90.0006;22.2278;-90.0006;-1;-2;-2;0;-0.000604369;51.5183;-34.6883;-90.0006;22.2279;-90.0006
652;8;0;0;4;0;TRUE;FALSE;TRUE;FALSE;-0.00192341;51.5174;-34.6882;-90.0005;22.2279;269.999;-1;-2;2;0;-0.000604388;51.5183;-34.6883;-90.0006;22.2278;269.999;-1;-2;2;0;-0.00060436;51.5183;-34.6883;-90.0006;22.2279;269.999
657;5;0;0;0;0;TRUE;FALSE;TRUE;FALSE;45.0001;-0.120088;-41.0764;90.0006;44.2668;90.001;0;1;1;0;45.0006;-0.119024;-41.0758;90.0007;44.2671;90.0006;0;1;1;0;45.0006;-0.119024;-41.0758;90.0007;44.2671;90.0006
658;2;0;0;-4;0;TRUE;FALSE;TRUE;FALSE;0.000833055;-2.93566;20.1372;90.0003;19.7632;-315;0;1;-4;0;0.000274136;-2.93527;20.1373;90.0003;19.7632;-315;0;1;-4;0;0.000274163;-2.93527;20.1373;90.0003;19.7632;-315
659;1;0;-4;-4;0;TRUE;FALSE;TRUE;FALSE;-0.000525404;40.9374;-32.0021;-180;22.3067;-225;-1;-3;-3;0;-0.000155871;40.9381;-32.0023;-180;22.3066;-225;-1;-3;-3;0;-0.000155866;40.9381;-32.0023;-180;22.3066;-225
666;5;0;0;0;0;TRUE;FALSE;TRUE;FALSE;-45.0003;36.8981;16.158;135;46.6604;44.9999;-1;1;0;0;-45.0002;36.8987;16.158;135;46.6604;44.9998;-1;1;0;0;-45.0002;36.8987;16.158;135;46.6604;44.9998
669;2;0;0;-4;0;TRUE;FALSE;TRUE;FALSE;0.000434517;-18.0133;16.1304;224.999;40.4437;-135.001;0;2;-2;0;-0.000702028;-18.0126;16.1303;224.999;40.4437;-135.001;-1;2;-2;0;-0.000701882;-18.0126;16.1303;224.999;40.4437;-135.001
671;7;0;-4;4;0;TRUE;FALSE;TRUE;FALSE;0.000130223;1.48824;-12.6454;-224.999;47.7811;225.001;0;-3;2;0;0.00059313;1.48869;-12.6453;-224.999;47.781;225.001;0;-3;2;0;0.000593312;1.48869;-12.6453;-224.999;47.781;225.001
671;8;0;0;4;0;FALSE;TRUE;FALSE;TRUE;-0.000117194;1.48802;-12.6455;135;47.781;225.001;-1;1;2;0;0.00059313;1.48869;-12.6453;135.001;47.781;225.001;0;1;2;0;0.000593161;1.48869;-12.6453;135.001;47.781;225.001
673;2;0;0;-4;0;TRUE;FALSE;TRUE;FALSE;-45.0003;24.5821;-58.7548;89.9998;31.1691;-180;-1;0;-3;0;-45.0001;24.5827;-58.7546;89.9999;31.1692;-180;-1;0;-3;0;-45.0001;24.5827;-58.7546;89.9999;31.1692;-180
674;5;0;0;0;0;TRUE;FALSE;TRUE;FALSE;44.9996;1.53566;-0.342645;180.001;11.2357;45.0009;0;2;0;0;45.0008;1.53631;-0.342415;180.001;11.2357;45.0008;0;2;0;0;45.0008;1.53631;-0.342415;180.001;11.2357;45.0008
675;6;0;4;0;0;FALSE;TRUE;FALSE;TRUE;45.0003;-17.0312;-12.082;225;16.165;-44.9997;0;2;-1;0;45.0003;-17.0312;-12.082;225;16.165;-44.9997;0;2;-1;0;45.0003;-17.0312;-12.082;225;16.165;-44.9997
676;2;0;0;-4;0;FALSE;TRUE;FALSE;TRUE;89.998;20.7622;18.8755;179.999;59.5789;-270.001;0;1;-4;0;89.999;20.763;18.8757;179.999;59.5788;-270.001;0;1;-4;0;89.999;20.763;18.8757;179.999;59.5788;-270.001
676;5;0;0;0;0;TRUE;FALSE;TRUE;FALSE;89.9983;20.7622;18.8755;179.999;59.5789;89.9989;0;1;0;0;89.999;20.763;18.8757;179.999;59.5788;89.999;0;1;0;0;89.999;20.763;18.8757;179.999;59.5788;89.999
677;5;0;0;0;0;FALSE;TRUE;FALSE;TRUE;45.0013;-21.0338;35.6698;-89.9994;41.1066;-89.9993;0;-1;-1;0;45.0007;-21.034;35.6697;-89.9994;41.1066;-89.9993;0;-1;-1;0;45.0007;-21.034;35.6697;-89.9994;41.1066;-89.9993
681;2;0;0;-4;0;TRUE;FALSE;TRUE;FALSE;134.998;-35.7566;1.99822;224.999;53.4795;-360.001;1;2;-5;0;134.999;-35.7561;1.99836;224.999;53.4794;-360.001;1;2;-5;0;134.999;-35.7561;1.99836;224.999;53.4794;-360.001
683;5;0;0;0;0;FALSE;TRUE;FALSE;TRUE;-90.0017;34.3124;8.25494;44.9993;17.2143;224.999;-2;0;2;0;-90.001;34.3132;8.25496;44.999;17.2143;224.999;-2;0;2;0;-90.001;34.3132;8.25496;44.999;17.2143;224.999
684;5;0;0;0;0;TRUE;FALSE;TRUE;FALSE;-0.00116491;39.436;-31.2722;-45;47.0468;5.91615E-5;-1;-1;0;0;2.00192E-5;39.4366;-31.2723;-45;47.0467;3.47585E-5;0;-1;0;0;2.0059E-5;39.4366;-31.2723;-45;47.0467;3.6717E-5
686;2;0;0;-4;0;TRUE;FALSE;FALSE;FALSE;44.9996;51.8324;25.4338;225;35.0383;-315;0;2;-4;0;44.9998;51.8332;25.4338;225;35.0383;-315;0;2;-4;0;9E+9;9E+9;9E+9;9E+9;9E+9;9E+9
689;4;0;-4;0;0;TRUE;FALSE;TRUE;FALSE;-0.000433327;-24.6632;4.0019;-180;46.7061;-0.0004546;-1;-3;-1;0;-0.000462569;-24.6632;4.0019;-180;46.7061;-0.000454435;-1;-3;-1;0;-0.000462569;-24.6632;4.0019;-180;46.7061;-0.000454435
689;7;0;-4;4;0;FALSE;TRUE;FALSE;TRUE;-0.000406486;-24.6632;4.00191;-180;46.7061;360;-1;-3;3;0;-0.000462569;-24.6632;4.0019;-180;46.7061;360;-1;-3;3;0;-0.000462569;-24.6632;4.0019;-180;46.7061;360
691;8;0;0;4;0;TRUE;FALSE;TRUE;FALSE;-0.000657519;-8.82774;36.1181;-0.000663212;9.43389;314.999;-1;-1;3;0;-0.000663868;-8.82778;36.118;-0.00066395;9.43388;314.999;-1;-1;3;0;-0.000663843;-8.82779;36.118;-0.000665548;9.43388;314.999
692;2;0;0;-4;0;TRUE;FALSE;TRUE;FALSE;-44.9992;58.9587;-67.209;135;58.4089;-225.001;-1;1;-3;0;-45.0005;58.9599;-67.209;135;58.4088;-225.001;-1;1;-3;0;-45.0005;58.9599;-67.209;135;58.4088;-225.001
694;4;0;-4;0;0;FALSE;TRUE;FALSE;TRUE;-135;-9.34048;-65.1778;-180;0.776379;-135;-2;-2;-2;0;-135;-9.34048;-65.1778;-180;0.776379;-135;-2;-2;-2;0;-135;-9.34048;-65.1778;-180;0.776381;-135
694;5;0;0;0;0;TRUE;FALSE;TRUE;FALSE;-135;-9.34048;-65.1778;180;0.776379;-135;-2;2;-2;0;-135;-9.34048;-65.1778;180;0.776379;-135;-2;2;-2;0;-135;-9.34048;-65.1778;180;0.776381;-135
696;2;0;0;-4;0;FALSE;TRUE;FALSE;TRUE;44.9996;33.188;34.6343;90;45.9848;-180;0;0;-2;0;45.0001;33.1889;34.6342;90.0001;45.9847;-180;0;1;-2;0;45.0001;33.1889;34.6342;90.0001;45.9847;-180
696;5;0;0;0;0;TRUE;FALSE;TRUE;FALSE;45.0001;33.1876;34.6344;90.0001;45.9847;180;0;1;2;0;45.0001;33.1889;34.6342;90.0001;45.9847;180;0;1;2;0;45.0001;33.1889;34.6342;90.0001;45.9847;180
697;2;0;0;-4;0;FALSE;TRUE;FALSE;TRUE;44.9997;47.4349;-27.7215;-45.0004;20.5194;-360;0;-1;-5;0;44.9996;47.4349;-27.7215;-45.0004;20.5194;-360;0;-1;-5;0;44.9996;47.4349;-27.7215;-45.0004;20.5194;-360
697;5;0;0;0;0;TRUE;FALSE;TRUE;FALSE;44.9996;47.4348;-27.7213;-45.0003;20.5194;-0.000376714;0;-1;-1;0;44.9996;47.4349;-27.7215;-45.0004;20.5194;-0.000362381;0;-1;-1;0;44.9996;47.4349;-27.7215;-45.0004;20.5194;-0.000359938
699;2;0;0;-4;0;FALSE;TRUE;FALSE;TRUE;0.000786197;21.4616;-56.6599;135;42.6265;-315;0;1;-4;0;0.000418125;21.4624;-56.6597;135;42.6264;-315;0;1;-4;0;0.000418207;21.4624;-56.6597;135;42.6264;-315
699;5;0;0;0;0;TRUE;FALSE;TRUE;FALSE;0.00095197;21.4617;-56.6599;135.001;42.6265;45.0003;0;1;0;0;0.000418125;21.4624;-56.6597;135;42.6264;45.0004;0;1;0;0;0.00041817;21.4624;-56.6597;135;42.6264;45.0004
701;2;0;0;-4;0;FALSE;TRUE;FALSE;TRUE;-89.9994;-49.9625;46.484;-90.0001;50.2291;-270;-1;-2;-4;0;-90.0003;-49.9619;46.4849;-90.0003;50.2292;-270;-2;-2;-4;0;-90.0003;-49.9619;46.4849;-90.0003;50.2292;-270
702;8;0;0;4;0;TRUE;FALSE;TRUE;FALSE;-45.0008;16.6388;-49.8795;135;51.6208;270;-1;1;2;0;-45.0001;16.6393;-49.8794;135;51.6208;270;-1;1;2;0;-45.0001;16.6393;-49.8794;135;51.6208;270
703;5;0;0;0;0;TRUE;FALSE;TRUE;FALSE;-134.998;26.8485;-32.7403;-135;18.6518;45.0003;-2;-2;0;0;-135;26.8496;-32.7403;-135;18.6517;45.0004;-2;-2;0;0;-135;26.8496;-32.7403;-135;18.6517;45.0004
704;1;0;-4;-4;0;TRUE;FALSE;TRUE;FALSE;-90.0012;-21.2244;30.0637;-180;57.4584;-315;-2;-3;-4;0;-90.0005;-21.2244;30.0638;-180;57.4584;-315;-2;-3;-4;0;-90.0005;-21.2244;30.0638;-180;57.4584;-315
705;2;0;0;-4;0;TRUE;FALSE;TRUE;FALSE;-90.0013;48.7965;37.1814;-0.000417594;13.552;-225.001;-2;-1;-3;0;-90.0008;48.7973;37.1813;-0.000779549;13.552;-225.001;-2;-1;-3;0;-90.0008;48.7973;37.1813;-0.000779213;13.552;-225.001
709;8;0;0;4;0;TRUE;FALSE;TRUE;FALSE;89.9996;28.1411;-6.86516;-44.9991;16.9486;360;0;-1;4;0;90.0004;28.1423;-6.86485;-44.9996;16.9488;360;1;-1;4;0;90.0004;28.1423;-6.86485;-44.9996;16.9488;360
715;7;0;-4;4;0;FALSE;TRUE;FALSE;TRUE;44.9986;0.854265;-52.9941;-270.001;55.7829;314.999;0;-4;3;0;44.9993;0.855127;-52.9939;-270.001;55.783;314.999;0;-4;3;0;44.9993;0.855126;-52.9939;-270.001;55.783;314.999
716;8;0;0;4;0;TRUE;FALSE;TRUE;FALSE;44.9995;-38.3269;25.3658;89.9995;22.7406;270;0;0;2;0;44.9996;-38.327;25.3664;89.9996;22.7406;270;0;0;2;0;44.9996;-38.327;25.3664;89.9996;22.7406;270
719;7;0;-4;4;0;TRUE;FALSE;TRUE;FALSE;45.0044;58.7788;30.5889;-180;45.139;360;0;-3;3;0;44.9998;58.7805;30.5875;-180;45.1387;360;0;-3;3;0;44.9998;58.7805;30.5875;-180;45.1387;360
721;8;0;0;4;0;TRUE;FALSE;TRUE;FALSE;44.999;-6.81038;9.77837;-0.000135743;13.4734;315;0;-1;3;0;44.9999;-6.8099;9.77844;-8.95776E-5;13.4733;315;0;-1;3;0;44.9999;-6.8099;9.77844;-9.28249E-5;13.4733;315
722;2;0;0;-4;0;FALSE;TRUE;FALSE;TRUE;90.0007;13.3322;-72.4064;-89.9993;13.6802;-269.999;1;-1;-3;0;90.0009;13.3323;-72.4063;-89.9992;13.6802;-269.999;1;-1;-3;0;90.0009;13.3323;-72.4063;-89.9992;13.6802;-269.999
722;5;0;0;0;0;TRUE;FALSE;TRUE;FALSE;90.0003;13.3319;-72.4064;-89.9993;13.6802;90.0012;1;-1;1;0;90.0009;13.3323;-72.4063;-89.9992;13.6802;90.001;1;-1;1;0;90.0009;13.3323;-72.4063;-89.9992;13.6802;90.001
723;2;0;0;-4;0;FALSE;TRUE;FALSE;TRUE;134.999;15.3026;42.7515;44.999;1.19572;-180.001;1;0;-3;0;134.999;15.3026;42.7515;44.9991;1.19571;-180.001;1;0;-3;0;134.999;15.3026;42.7515;44.9992;1.19572;-180.001
725;3;0;4;-4;0;FALSE;TRUE;FALSE;TRUE;45.0009;2.02702;-59.4052;225.001;1.57109;-179.999;0;2;-2;0;45.001;2.02704;-59.4052;225.001;1.57109;-179.999;0;2;-2;0;45.0009;2.02704;-59.4052;225.001;1.57109;-179.999
725;6;0;4;0;0;TRUE;FALSE;TRUE;FALSE;45.0009;2.02704;-59.4052;225.001;1.57109;180.001;0;2;2;0;45.001;2.02704;-59.4052;225.001;1.57109;180.001;0;2;2;0;45.0009;2.02704;-59.4052;225.001;1.57109;180.001
726;5;0;0;0;0;FALSE;TRUE;FALSE;TRUE;89.9986;56.9515;-78.9644;-45.0007;31.3905;180;0;-1;1;0;89.9995;56.9529;-78.9643;-45.0006;31.3907;180;0;-1;1;0;89.9995;56.9529;-78.9643;-45.0006;31.3907;180
728;2;0;0;-4;0;FALSE;TRUE;FALSE;TRUE;-45.0006;-6.41806;41.8272;-45.0006;14.1142;-270.001;-1;-1;-4;0;-45.0006;-6.41805;41.8272;-45.0006;14.1142;-270.001;-1;-1;-4;0;-45.0006;-6.41805;41.8272;-45.0006;14.1142;-270.001
729;4;0;-4;0;0;FALSE;TRUE;FALSE;TRUE;-45.0004;-9.83854;49.5318;-270;46.3326;89.9996;-1;-4;0;0;-45.0004;-9.83855;49.5318;-270;46.3326;89.9996;-1;-4;0;0;-45.0004;-9.83855;49.5318;-270;46.3326;89.9996
729;5;0;0;0;0;TRUE;FALSE;TRUE;FALSE;-45.0004;-9.83855;49.5318;89.9996;46.3326;89.9996;-1;0;0;0;-45.0004;-9.83855;49.5318;89.9996;46.3326;89.9996;-1;0;0;0;-45.0004;-9.83855;49.5318;89.9997;46.3326;89.9996
730;4;0;-4;0;0;TRUE;FALSE;TRUE;FALSE;-44.9993;8.51979;-35.7632;-269.999;18.8842;0.000563659;-1;-3;0;0;-44.9995;8.52016;-35.7634;-270;18.8842;0.000537739;-1;-3;0;0;-44.9995;8.52017;-35.7634;-270;18.8842;0.000549245
730;7;0;-4;4;0;FALSE;TRUE;FALSE;TRUE;-44.9995;8.52015;-35.7634;-269.999;18.8842;360.001;-1;-3;4;0;-44.9995;8.52016;-35.7634;-270;18.8842;360.001;-1;-3;4;0;-44.9995;8.52017;-35.7634;-270;18.8842;360.001
731;3;0;4;-4;0;TRUE;FALSE;TRUE;FALSE;-44.9994;40.7874;36.5941;225.001;25.8571;-269.999;-1;2;-3;0;-44.9992;40.788;36.5941;225.001;25.8571;-269.999;-1;2;-3;0;-44.9992;40.788;36.5941;225.001;25.8571;-269.999
731;6;0;4;0;0;FALSE;TRUE;FALSE;TRUE;-44.9984;40.787;36.594;225.001;25.8572;90.0005;-1;2;1;0;-44.9992;40.788;36.5941;225.001;25.8571;90.0008;-1;2;1;0;-44.9992;40.788;36.5941;225.001;25.8571;90.0008
733;7;0;-4;4;0;TRUE;FALSE;TRUE;FALSE;44.9989;-36.2181;16.2253;-225;52.0109;269.999;0;-3;2;0;44.9994;-36.2175;16.2255;-225.001;52.0109;269.999;0;-3;2;0;44.9994;-36.2175;16.2255;-225.001;52.0109;269.999
733;8;0;0;4;0;FALSE;TRUE;FALSE;TRUE;44.9987;-36.218;16.2252;134.999;52.0109;270;0;1;2;0;44.9994;-36.2175;16.2255;134.999;52.0109;269.999;0;1;2;0;44.9994;-36.2175;16.2255;134.999;52.0109;269.999
735;4;0;-4;0;0;TRUE;FALSE;TRUE;FALSE;-8.88823E-5;5.49514;-26.4241;-135;48.4384;45;-1;-2;0;0;3.47352E-6;5.49516;-26.4241;-135;48.4384;45;0;-2;0;0;3.35574E-6;5.49516;-26.4241;-135;48.4384;45
735;5;0;0;0;0;FALSE;TRUE;FALSE;TRUE;-9.62486E-5;5.49514;-26.4241;225;48.4384;45;-1;2;0;0;3.47352E-6;5.49516;-26.4241;225;48.4384;45;0;2;0;0;3.53594E-6;5.49516;-26.4241;225;48.4384;45
737;7;0;-4;4;0;TRUE;FALSE;TRUE;FALSE;-45.0006;-51.9834;15.2296;-135.001;37.0067;314.999;-1;-2;3;0;-45.0006;-51.9834;15.2297;-135.001;37.0067;314.999;-1;-2;3;0;-45.0006;-51.9834;15.2297;-135.001;37.0067;314.999
738;3;0;4;-4;0;TRUE;FALSE;TRUE;FALSE;90.0001;-13.8789;-20.3621;225;18.1445;-314.999;1;2;-4;0;90.0006;-13.878;-20.3619;225.001;18.1445;-314.999;1;2;-4;0;90.0006;-13.878;-20.3619;225.001;18.1445;-314.999
738;6;0;4;0;0;FALSE;TRUE;FALSE;TRUE;90.0004;-13.8788;-20.3622;225.001;18.1445;45.0004;1;2;0;0;90.0006;-13.878;-20.3619;225.001;18.1445;45.0006;1;2;0;0;90.0006;-13.878;-20.3619;225.001;18.1445;45.0006
739;5;0;0;0;0;TRUE;FALSE;TRUE;FALSE;89.9992;-10.3439;-26.8169;179.999;36.7852;-45.0008;0;1;-1;0;89.9992;-10.3439;-26.8169;179.999;36.7852;-45.0008;0;1;-1;0;89.9992;-10.3439;-26.8169;179.999;36.7852;-45.0008
739;8;0;0;4;0;FALSE;TRUE;FALSE;TRUE;89.9991;-10.3439;-26.8169;179.999;36.7852;314.999;0;1;3;0;89.9992;-10.3439;-26.8169;179.999;36.7852;314.999;0;1;3;0;89.9992;-10.3439;-26.8169;179.999;36.7852;314.999
740;8;0;0;4;0;TRUE;FALSE;TRUE;FALSE;135;-40.9565;30.0438;90.0005;9.97039;315;1;1;3;0;135;-40.9564;30.0439;90.0004;9.9704;315;1;1;3;0;135;-40.9564;30.0439;90.0005;9.97039;315
742;5;0;0;0;0;FALSE;TRUE;FALSE;TRUE;-89.9993;49.7344;23.9935;0.000128406;9.26;0.000376998;-1;0;0;0;-89.9996;49.7348;23.9937;0.000353131;9.25993;0.00037051;-1;0;0;0;-89.9996;49.7348;23.9937;0.000353122;9.25993;0.000370531
745;2;0;0;-4;0;FALSE;FALSE;TRUE;FALSE;-135;14.1189;-22.6708;45.0001;32.6962;-270;-2;0;-3;0;-135;14.1197;-22.671;45.0002;32.6963;-270;-2;0;-3;0;-135;14.1197;-22.671;45.0002;32.6963;-270
748;8;0;0;4;0;TRUE;FALSE;TRUE;FALSE;-0.00121051;-2.74211;16.273;89.9995;27.7742;270;-1;0;2;0;-0.000460113;-2.74117;16.2731;89.9995;27.7743;270;-1;0;2;0;-0.00046009;-2.74117;16.2731;89.9995;27.7743;270
749;7;0;-4;4;0;TRUE;FALSE;TRUE;FALSE;-89.999;38.1024;-30.5142;-135.001;43.4158;269.999;-1;-2;2;0;-90.0008;38.1036;-30.5145;-135.001;43.4156;269.999;-2;-2;2;0;-90.0008;38.1036;-30.5146;-135.001;43.4156;269.999
750;5;0;0;0;0;TRUE;FALSE;TRUE;FALSE;44.998;38.5088;-37.0408;180;8.19072;224.999;0;1;2;0;44.9993;38.5101;-37.0409;179.999;8.19056;224.999;0;1;2;0;44.9993;38.5101;-37.0409;179.999;8.19056;224.999
752;7;0;-4;4;0;FALSE;TRUE;FALSE;TRUE;-0.000774718;-16.42;30.0483;-179.999;14.9053;270;-1;-2;3;0;0.000305682;-16.4196;30.0479;-180;14.9052;270;0;-2;3;0;0.000305565;-16.4196;30.0479;-180;14.9052;270
752;8;0;0;4;0;TRUE;FALSE;TRUE;FALSE;0.000235455;-16.4196;30.0479;180;14.9052;270;0;2;3;0;0.000305682;-16.4196;30.0479;180;14.9052;270;0;2;3;0;0.000305658;-16.4196;30.0479;180;14.9052;270
753;5;0;0;0;0;TRUE;FALSE;TRUE;FALSE;89.9997;24.3003;-74.7591;180;49.506;0.000162174;0;2;0;0;90.0002;24.3007;-74.759;180;49.5059;0.00015141;1;2;0;0;90.0002;24.3006;-74.759;180;49.5059;0.000151101
756;5;0;0;0;0;TRUE;FALSE;TRUE;FALSE;45;21.1621;-49.1018;89.9999;46.0634;-45.0001;0;0;-1;0;44.9999;21.1621;-49.1018;89.9999;46.0634;-45.0001;0;0;-1;0;44.9999;21.1621;-49.1018;89.9999;46.0634;-45.0001
758;5;0;0;0;0;TRUE;FALSE;TRUE;FALSE;0.000548105;-4.73343;-15.7082;-89.9993;4.18959;-134.999;0;-1;-2;0;0.000655302;-4.73342;-15.7082;-89.9994;4.18958;-134.999;0;-1;-2;0;0.000655255;-4.73342;-15.7082;-89.9993;4.18958;-134.999
761;3;0;4;-4;0;TRUE;FALSE;TRUE;FALSE;-44.9992;-10.8276;48.4012;270;29.1329;-225;-1;2;-3;0;-45.0001;-10.8274;48.4011;270;29.133;-225;-1;2;-3;0;-45.0001;-10.8274;48.4011;270;29.133;-225
763;4;0;-4;0;0;TRUE;FALSE;TRUE;FALSE;90.0003;-7.84597;9.23903;-270;6.4455;-135;1;-3;-2;0;90.0002;-7.84632;9.23887;-270;6.44551;-135;1;-3;-2;0;90.0002;-7.84632;9.23887;-270;6.44551;-135
763;5;0;0;0;0;FALSE;TRUE;FALSE;TRUE;90.0002;-7.84631;9.23888;90.0002;6.44551;-135;1;1;-2;0;90.0002;-7.84632;9.23887;90.0002;6.44551;-135;1;1;-2;0;90.0002;-7.84632;9.23887;90.0002;6.44551;-135
767;4;0;-4;0;0;FALSE;TRUE;FALSE;TRUE;-134.999;54.8432;-29.5422;-269.999;46.4845;180.001;-2;-3;2;0;-134.999;54.8436;-29.5425;-269.999;46.4846;180.001;-2;-3;2;0;-134.999;54.8436;-29.5425;-269.999;46.4846;180.001
767;5;0;0;0;0;FALSE;FALSE;TRUE;FALSE;-134.999;54.8434;-29.5423;90.0008;46.4846;180.001;-2;1;2;0;-134.999;54.8436;-29.5425;90.0008;46.4846;180.001;-2;1;2;0;-134.999;54.8436;-29.5425;90.0008;46.4846;180.001
769;4;0;-4;0;0;TRUE;FALSE;TRUE;FALSE;-89.9986;-7.63459;-9.45179;-225;37.915;45.0004;-1;-3;0;0;-89.9996;-7.6339;-9.45158;-225;37.915;45.0004;-1;-3;0;0;-89.9996;-7.6339;-9.45158;-225;37.915;45.0004
773;5;0;0;0;0;TRUE;FALSE;TRUE;FALSE;-90.001;38.7477;-76.7429;44.9999;15.8958;-90.0002;-2;0;-2;0;-90.0002;38.7482;-76.7428;44.9998;15.8959;-90.0001;-2;0;-2;0;-90.0002;38.7482;-76.7428;44.9997;15.8959;-90.0001
776;5;0;0;0;0;TRUE;FALSE;TRUE;FALSE;44.999;-30.0292;3.42251;180;50.5094;-0.000146055;0;1;-1;0;44.9999;-30.0284;3.42265;180;50.5094;-0.000117485;0;1;-1;0;44.9999;-30.0284;3.42265;180;50.5094;-0.000114113
778;5;0;0;0;0;TRUE;FALSE;TRUE;FALSE;-45;59.4688;-32.2719;8.29718E-7;17.1978;135;-1;0;1;0;-45;59.469;-32.2721;2.20132E-5;17.1978;135;-1;0;1;0;-45;59.469;-32.2721;1.33785E-5;17.1978;135
779;5;0;0;0;0;FALSE;TRUE;FALSE;TRUE;-89.9991;1.99037;-31.871;90;56.4495;-0.000183482;-1;1;-1;0;-90.0001;1.99041;-31.8714;89.9999;56.4495;-6.77143E-5;-2;0;-1;0;-90.0001;1.99041;-31.8714;89.9999;56.4495;-6.77143E-5
783;2;0;0;-4;0;TRUE;FALSE;TRUE;FALSE;135;-35.8147;-1.29063;0.000234331;10.9848;-180;1;0;-2;0;135;-35.8147;-1.29063;0.000232491;10.9848;-180;1;0;-2;0;135;-35.8147;-1.29064;0.000243609;10.9848;-180
783;5;0;0;0;0;FALSE;TRUE;FALSE;TRUE;135;-35.8147;-1.29063;0.000244356;10.9848;180;1;0;2;0;135;-35.8147;-1.29063;0.000232491;10.9848;180;1;0;2;0;135;-35.8147;-1.29064;0.000239366;10.9848;180
784;4;0;-4;0;0;TRUE;FALSE;TRUE;FALSE;90.0019;-19.4338;-58.8099;-135.001;11.157;-0.000875779;1;-2;-1;0;89.9992;-19.4336;-58.8101;-135.001;11.157;-0.000844547;0;-2;-1;0;89.9992;-19.4336;-58.8101;-135.001;11.157;-0.000845602
788;4;0;-4;0;0;FALSE;TRUE;FALSE;TRUE;-89.9983;-5.45157;-44.7813;-269.999;40.9326;135;-1;-3;1;0;-89.9995;-5.45121;-44.7813;-270;40.9326;135;-1;-3;1;0;-89.9995;-5.45121;-44.7813;-270;40.9326;135
788;5;0;0;0;0;TRUE;FALSE;TRUE;FALSE;-89.9983;-5.45156;-44.7812;90.0005;40.9327;135;-1;1;1;0;-89.9995;-5.45121;-44.7813;90.0005;40.9326;135;-1;1;1;0;-89.9995;-5.45121;-44.7813;90.0005;40.9326;135
800;5;0;0;0;0;TRUE;FALSE;TRUE;FALSE;-90.0021;8.78318;-64.0987;-45.0005;49.0628;-90.0006;-2;-1;-2;0;-90.0005;8.78386;-64.0987;-45.0005;49.0628;-90.0005;-2;-1;-2;0;-90.0005;8.78386;-64.0987;-45.0005;49.0628;-90.0005
802;2;0;0;-4;0;TRUE;FALSE;TRUE;FALSE;90.0007;-19.5471;-33.8789;-44.9992;0.703149;-269.999;1;-1;-3;0;90.0007;-19.5471;-33.8789;-44.9992;0.703149;-269.999;1;-1;-3;0;90.0007;-19.5471;-33.8789;-44.999;0.70315;-270
807;5;0;0;0;0;FALSE;TRUE;FALSE;TRUE;-0.001059;14.5293;9.5645;-135;37.5177;135;-1;-2;1;0;0.000126308;14.5299;9.56419;-135;37.5176;135;0;-2;1;0;0.000126334;14.5299;9.56419;-135;37.5176;135
809;1;0;-4;-4;0;TRUE;FALSE;TRUE;FALSE;44.9999;-48.5195;-4.99249;-270;11.7869;-315;0;-3;-4;0;45.0003;-48.5189;-4.99222;-270;11.7869;-315;0;-3;-4;0;45.0003;-48.5189;-4.99222;-270;11.7869;-315
811;6;0;4;0;0;TRUE;FALSE;TRUE;FALSE;134.995;52.9958;6.27483;269.999;59.4963;-0.000387955;1;2;-1;0;134.999;52.9978;6.27521;269.999;59.4964;-0.000726487;1;2;-1;0;134.999;52.9978;6.27522;269.999;59.4964;-0.000725046
811;9;0;4;4;0;FALSE;TRUE;FALSE;TRUE;134.995;52.9967;6.27465;269.999;59.4972;359.998;1;2;3;0;134.999;52.9978;6.27521;269.999;59.4964;359.999;1;2;3;0;134.999;52.9978;6.27522;269.999;59.4964;359.999
812;5;0;0;0;0;FALSE;TRUE;FALSE;TRUE;90.0023;-2.71885;41.391;-134.999;33.3537;135.001;1;-2;1;0;90.001;-2.7192;41.3907;-134.999;33.3537;135.001;1;-2;1;0;90.001;-2.7192;41.3907;-134.999;33.3537;135.001
815;5;0;0;0;0;FALSE;TRUE;FALSE;TRUE;134.998;44.9323;-23.8971;-0.000600118;48.1527;224.999;1;-1;2;0;134.999;44.9336;-23.8969;-0.000830314;48.1527;224.999;1;-1;2;0;134.999;44.9336;-23.8969;-0.000829889;48.1527;224.999
817;2;0;0;-4;0;FALSE;TRUE;FALSE;TRUE;-90.0001;-21.6271;-17.1163;-0.000265973;28.3493;-315;-2;-1;-4;0;-90.0002;-21.6272;-17.1166;-0.000226296;28.3493;-315;-2;-1;-4;0;-90.0002;-21.6272;-17.1166;-0.000232384;28.3493;-315
817;5;0;0;0;0;TRUE;FALSE;TRUE;FALSE;-90.0004;-21.6269;-17.116;-0.000159897;28.3493;44.9997;-2;-1;0;0;-90.0002;-21.6272;-17.1166;-0.000226296;28.3493;44.9998;-2;-1;0;0;-90.0002;-21.6272;-17.1166;-0.000224617;28.3493;44.9998
819;5;0;0;0;0;FALSE;TRUE;FALSE;TRUE;45.0003;9.19345;-63.0593;-45.0007;28.0728;44.9995;0;-1;0;0;44.9994;9.194;-63.0592;-45.0006;28.0728;44.9994;0;-1;0;0;44.9994;9.194;-63.0592;-45.0006;28.0728;44.9994
820;1;0;-4;-4;0;FALSE;TRUE;FALSE;TRUE;135;-2.71554;-57.5247;-135;5.91082;-225;1;-2;-3;0;135;-2.71553;-57.5247;-135;5.91082;-225;1;-2;-3;0;135;-2.71553;-57.5247;-135;5.91082;-225
820;4;0;-4;0;0;TRUE;FALSE;TRUE;FALSE;135;-2.71556;-57.5247;-135;5.91082;135;1;-2;1;0;135;-2.71553;-57.5247;-135;5.91082;135;1;-2;1;0;135;-2.71553;-57.5247;-135;5.91082;135
821;1;0;-4;-4;0;TRUE;FALSE;TRUE;FALSE;45.0002;17.038;-65.5707;-225.001;45.0289;-135.001;0;-3;-2;0;44.9994;17.0385;-65.5705;-225.001;45.0288;-135.001;0;-3;-2;0;44.9994;17.0385;-65.5705;-225.001;45.0288;-135.001
821;4;0;-4;0;0;FALSE;TRUE;FALSE;TRUE;45.0005;17.0377;-65.5708;-225.001;45.0289;224.999;0;-3;2;0;44.9994;17.0385;-65.5705;-225.001;45.0288;224.999;0;-3;2;0;44.9994;17.0385;-65.5705;-225.001;45.0288;224.999
827;1;0;-4;-4;0;FALSE;TRUE;FALSE;TRUE;-89.9974;55.1214;3.45055;-179.999;45.6386;-270;-1;-2;-3;0;-89.9994;55.1219;3.45043;-179.999;45.6386;-269.999;-1;-2;-3;0;-89.9994;55.1219;3.45043;-179.999;45.6386;-269.999
827;2;0;0;-4;0;TRUE;FALSE;TRUE;FALSE;-89.9956;55.1202;3.45094;180;45.6387;-269.999;-1;2;-3;0;-89.9994;55.1219;3.45043;180.001;45.6386;-269.999;-1;2;-3;0;-89.9994;55.1219;3.45043;180.001;45.6386;-269.999
828;3;0;4;-4;0;TRUE;FALSE;TRUE;FALSE;44.9994;-26.1029;-26.8567;270;33.4782;-180;0;3;-2;0;45.0001;-26.1025;-26.8566;270;33.4782;-180;0;3;-2;0;45.0001;-26.1025;-26.8566;270;33.4782;-180
831;5;0;0;0;0;TRUE;FALSE;TRUE;FALSE;-90.0001;-43.2197;-17.196;135;30.986;89.9999;-2;1;0;0;-90.0001;-43.2197;-17.196;135;30.986;89.9999;-2;1;0;0;-90.0001;-43.2197;-17.196;135;30.986;89.9999
837;4;0;-4;0;0;TRUE;FALSE;TRUE;FALSE;90.0013;-21.6461;31.0198;-179.999;57.6196;0.00061986;1;-2;0;0;90.0007;-21.6456;31.0199;-179.999;57.6196;0.000667295;1;-2;0;0;90.0007;-21.6456;31.0199;-179.999;57.6196;0.000667295
840;5;0;0;0;0;TRUE;FALSE;TRUE;FALSE;90;-27.5637;29.6472;44.9999;26.3863;-0.000118749;0;0;-1;0;89.9999;-27.5637;29.6472;44.9999;26.3863;-0.000118256;0;0;-1;0;89.9999;-27.5637;29.6472;44.9999;26.3863;-0.000118256
841;5;0;0;0;0;TRUE;FALSE;TRUE;FALSE;135;47.6208;33.4521;-44.9991;15.0572;45.001;1;-1;0;0;135.001;47.6217;33.452;-44.999;15.0572;45.001;1;-1;0;0;135.001;47.6217;33.452;-44.999;15.0572;45.001
849;5;0;0;0;0;TRUE;FALSE;TRUE;FALSE;45.0002;0.646391;18.8043;-44.9998;22.2498;0.000190866;0;-1;0;0;45.0002;0.646385;18.8043;-44.9998;22.2498;0.000188101;0;-1;0;0;45.0002;0.646385;18.8043;-44.9998;22.2498;0.00018693
851;5;0;0;0;0;TRUE;FALSE;TRUE;FALSE;-90.0005;26.6397;-33.5182;-2.04805E-5;12.6053;-44.9998;-2;-1;-1;0;-89.9999;26.6408;-33.5178;9.66483E-5;12.6054;-44.9999;-1;0;-1;0;-89.9999;26.6408;-33.5178;9.70352E-5;12.6054;-44.9999
852;5;0;0;0;0;TRUE;FALSE;TRUE;FALSE;-45.0016;-13.1126;13.5593;134.999;17.2124;134.999;-1;1;1;0;-45.0006;-13.1126;13.5594;134.999;17.2124;134.999;-1;1;1;0;-45.0006;-13.1126;13.5594;134.999;17.2124;134.999
853;2;0;0;-4;0;TRUE;FALSE;TRUE;FALSE;-0.00128895;43.9734;-44.6704;225;55.9112;-360;-1;2;-5;0;-0.000109087;43.9741;-44.6703;225;55.9111;-360;-1;2;-5;0;-0.000109124;43.9741;-44.6703;225;55.9111;-360
853;5;0;0;0;0;FALSE;TRUE;FALSE;TRUE;-0.00181872;43.9733;-44.6703;225;55.9114;-0.000189844;-1;2;-1;0;-0.000109087;43.9741;-44.6703;225;55.9111;-0.000113825;-1;2;-1;0;-0.000109155;43.9741;-44.6703;225;55.9111;-0.000111918
855;7;0;-4;4;0;TRUE;FALSE;FALSE;FALSE;45.0004;47.6576;24.3905;-225;23.5224;225;0;-3;2;0;45.0003;47.6583;24.3904;-225;23.5224;225;0;-3;2;0;9E+9;9E+9;9E+9;9E+9;9E+9;9E+9
859;8;0;0;4;0;FALSE;TRUE;FALSE;FALSE;45.0016;-7.8765;23.3863;135.001;6.24038;225;0;1;2;0;45.0008;-7.87561;23.3866;135.001;6.24043;225.001;0;1;2;0;9E+9;9E+9;9E+9;9E+9;9E+9;9E+9
860;5;0;0;0;0;TRUE;FALSE;TRUE;FALSE;89.9985;28.1344;3.86701;-0.000155837;8.55674;-90.0003;0;-1;-2;0;89.9997;28.135;3.86699;-0.000294718;8.55678;-90.0003;0;-1;-2;0;89.9997;28.135;3.86699;-0.000294718;8.55678;-90.0003
861;2;0;0;-4;0;TRUE;FALSE;TRUE;FALSE;134.999;22.2824;-78.183;134.999;52.5492;-135.001;1;1;-2;0;134.999;22.2828;-78.1829;134.999;52.5492;-135.001;1;1;-2;0;134.999;22.2828;-78.1829;134.999;52.5492;-135.001
863;2;0;0;-4;0;FALSE;TRUE;FALSE;TRUE;-44.9992;41.245;-17.8465;44.9999;17.7508;-270;-1;0;-3;0;-45;41.2458;-17.8466;45;17.7508;-270;-1;0;-4;0;-45;41.2458;-17.8466;45;17.7508;-270
863;5;0;0;0;0;TRUE;FALSE;TRUE;FALSE;-44.9989;41.2447;-17.8464;45.0003;17.7508;89.9997;-1;0;0;0;-45;41.2458;-17.8466;45;17.7508;90;-1;0;0;0;-45;41.2458;-17.8466;45;17.7508;90
864;5;0;0;0;0;FALSE;TRUE;FALSE;TRUE;-44.9998;46.1678;15.8843;45.0002;2.18634;-89.9998;-1;0;-1;0;-44.9998;46.1678;15.8843;45.0002;2.18635;-89.9999;-1;0;-1;0;-44.9998;46.1678;15.8843;45.0002;2.18634;-89.9998
866;5;0;0;0;0;TRUE;FALSE;TRUE;FALSE;0.00199089;-1.51867;1.56572;0.000960104;39.0886;180.001;0;0;2;0;0.000914365;-1.51799;1.5659;0.000914365;39.0887;180.001;0;0;2;0;0.000914365;-1.51799;1.5659;0.000914365;39.0887;180.001
867;7;0;-4;4;0;TRUE;FALSE;TRUE;FALSE;0.000579609;4.00829;-11.5265;-224.999;47.2262;315.001;0;-3;3;0;0.000545978;4.0083;-11.5265;-224.999;47.2262;315.001;0;-3;3;0;0.000545865;4.0083;-11.5265;-224.999;47.2262;315.001
867;8;0;0;4;0;FALSE;TRUE;FALSE;TRUE;0.000454405;4.00832;-11.5265;135.001;47.2262;315.001;0;1;3;0;0.000545978;4.0083;-11.5265;135.001;47.2262;315.001;0;1;3;0;0.000545961;4.0083;-11.5265;135.001;47.2262;315.001
868;8;0;0;4;0;FALSE;TRUE;FALSE;TRUE;89.9991;57.4974;-51.7284;-44.9992;39.8742;270.001;0;-1;3;0;90.0008;57.4987;-51.7283;-44.9992;39.8743;270.001;1;-1;3;0;90.0008;57.4987;-51.7283;-44.9992;39.8743;270.001
869;5;0;0;0;0;TRUE;FALSE;TRUE;FALSE;0.00233541;-0.987496;39.07;45.001;40.6269;45.001;0;0;0;0;0.000970648;-0.98697;39.0698;45.001;40.6269;45.001;0;0;0;0;0.000970623;-0.98697;39.0698;45.001;40.6269;45.001
870;5;0;0;0;0;FALSE;TRUE;FALSE;TRUE;-44.9997;-17.3205;-11.3639;45.0002;10.8786;-135;-1;0;-2;0;-44.9998;-17.3205;-11.3639;45.0002;10.8786;-135;-1;0;-2;0;-44.9998;-17.3205;-11.3639;45.0002;10.8786;-135
870;8;0;0;4;0;TRUE;FALSE;TRUE;FALSE;-44.9997;-17.3205;-11.3639;45.0002;10.8786;225;-1;0;2;0;-44.9998;-17.3205;-11.3639;45.0002;10.8786;225;-1;0;2;0;-44.9998;-17.3205;-11.3639;45.0002;10.8786;225
871;2;0;0;-4;0;FALSE;TRUE;FALSE;TRUE;-0.000671145;48.0493;-62.738;-135;52.1446;-180;-1;-2;-2;0;0.000216697;48.0502;-62.7378;-135;52.1445;-180;0;-2;-2;0;0.000216795;48.0502;-62.7378;-135;52.1445;-180
871;3;0;4;-4;0;TRUE;FALSE;TRUE;FALSE;-0.00116736;48.0488;-62.738;225;52.1446;-180;-1;2;-2;0;0.000216697;48.0502;-62.7378;225;52.1445;-180;0;2;-2;0;0.000216833;48.0502;-62.7378;225;52.1445;-180
872;5;0;0;0;0;FALSE;TRUE;FALSE;TRUE;45.0002;55.2428;-12.566;-135;2.40791;-89.9999;0;-2;-1;0;45.0002;55.2428;-12.566;-135;2.40791;-89.9999;0;-2;-1;0;45.0002;55.2428;-12.566;-135;2.40791;-89.9999
872;8;0;0;4;0;TRUE;FALSE;TRUE;FALSE;45.0002;55.2428;-12.566;-135;2.40791;270;0;-2;3;0;45.0002;55.2428;-12.566;-135;2.40791;270;0;-2;3;0;45.0002;55.2428;-12.566;-135;2.40791;270
873;6;0;4;0;0;TRUE;FALSE;TRUE;FALSE;-44.9977;-52.6611;-0.826374;270.001;29.6146;0.000992204;-1;3;0;0;-44.9991;-52.6609;-0.826436;270.001;29.6145;0.000945326;-1;3;0;0;-44.9991;-52.6609;-0.826436;270.001;29.6145;0.000949956
874;6;0;4;0;0;FALSE;TRUE;FALSE;TRUE;-44.9996;-10.9775;-61.738;270;11.0929;45.0004;-1;3;0;0;-44.9996;-10.9775;-61.738;270;11.0929;45.0004;-1;3;0;0;-44.9996;-10.9775;-61.738;270;11.0929;45.0004
875;2;0;0;-4;0;FALSE;TRUE;FALSE;TRUE;44.9996;17.43;47.0681;-0.000189004;39.021;-135;0;-1;-2;0;44.9998;17.4303;47.0681;-0.000188971;39.021;-135;0;-1;-2;0;44.9998;17.4303;47.0681;-0.000189386;39.021;-135
876;4;0;-4;0;0;TRUE;FALSE;TRUE;FALSE;-44.9986;-7.08142;-14.252;-180;57.7111;0.000432081;-1;-2;0;0;-44.9995;-7.0809;-14.2521;-180;57.7111;0.000444228;-1;-2;0;0;-44.9995;-7.0809;-14.2521;-180;57.7111;0.000445387
879;1;0;-4;-4;0;TRUE;FALSE;TRUE;FALSE;89.9994;21.6225;-63.3213;-180;36.6753;-270;0;-3;-4;0;89.9999;21.6236;-63.321;-180;36.6753;-270;0;-3;-4;0;89.9999;21.6236;-63.321;-180;36.6753;-270
880;5;0;0;0;0;TRUE;FALSE;TRUE;FALSE;90.0017;59.8004;-13.32;-44.9996;47.4257;0.000973745;1;-1;0;0;90.0008;59.8022;-13.3198;-44.9992;47.4258;0.000774395;1;-1;0;0;90.0008;59.8022;-13.3198;-44.9992;47.4258;0.000775842
882;5;0;0;0;0;TRUE;FALSE;TRUE;FALSE;-44.9995;49.3787;8.94144;135;37.0654;-5.37371E-5;-1;1;-1;0;-45;49.3796;8.94131;135;37.0653;-1.83648E-5;-1;1;-1;0;-45;49.3796;8.94131;135;37.0653;-1.86782E-5
884;9;0;4;4;0;TRUE;FALSE;TRUE;FALSE;-44.9994;-31.7868;-14.2523;225;53.2707;225;-1;2;2;0;-44.9997;-31.7862;-14.2521;225;53.2707;225;-1;2;2;0;-44.9997;-31.7862;-14.2521;225;53.2707;225
885;5;0;0;0;0;FALSE;TRUE;FALSE;TRUE;90.0001;59.5304;-73.4777;45.0004;37.9588;45.0002;1;0;0;0;90.0003;59.5312;-73.4776;45.0003;37.9589;45.0003;1;0;0;0;90.0003;59.5313;-73.4776;45.0003;37.9589;45.0003
888;5;0;0;0;0;TRUE;FALSE;TRUE;FALSE;0.0017092;1.07062;-54.8865;135.001;22.867;-134.999;0;1;-2;0;0.000945951;1.0712;-54.8863;135.001;22.8669;-134.999;0;1;-2;0;0.00094599;1.0712;-54.8863;135.001;22.8669;-134.999
889;2;0;0;-4;0;TRUE;FALSE;TRUE;FALSE;-89.9991;-52.91;11.4128;179.999;44.7029;-225.001;-1;1;-3;0;-90.0008;-52.9099;11.413;179.999;44.7029;-225.001;-2;1;-3;0;-90.0008;-52.9099;11.413;179.999;44.7029;-225.001
889;5;0;0;0;0;FALSE;TRUE;FALSE;TRUE;-89.9994;-52.91;11.4128;179.999;44.7029;134.999;-1;1;1;0;-90.0008;-52.9099;11.413;179.999;44.7029;134.999;-2;1;1;0;-90.0008;-52.9099;11.413;179.999;44.7029;134.999
890;2;0;0;-4;0;TRUE;FALSE;TRUE;FALSE;44.9988;-6.5617;-73.823;135;30.6126;-225;0;1;-3;0;44.9996;-6.56089;-73.8227;135;30.6125;-225;0;1;-3;0;44.9996;-6.56089;-73.8227;135;30.6125;-225
892;2;0;0;-4;0;TRUE;FALSE;TRUE;FALSE;45.0005;47.3027;38.7366;-135;7.33358;-359.999;0;-2;-4;0;45.0005;47.3031;38.7365;-134.999;7.3336;-359.999;0;-2;-4;0;45.0005;47.3031;38.7365;-134.999;7.3336;-359.999
892;5;0;0;0;0;FALSE;TRUE;FALSE;TRUE;45.0005;47.3031;38.7365;-134.999;7.3336;0.00052654;0;-2;0;0;45.0005;47.3031;38.7365;-134.999;7.3336;0.000529366;0;-2;0;0;45.0005;47.3031;38.7365;-134.999;7.3336;0.000521768
894;2;0;0;-4;0;TRUE;FALSE;TRUE;FALSE;-90.0016;14.6094;6.62411;179.999;45.2597;-225.001;-2;1;-3;0;-90.0008;14.6104;6.62434;179.999;45.2596;-225.001;-2;1;-3;0;-90.0008;14.6104;6.62434;179.999;45.2596;-225.001
895;5;0;0;0;0;FALSE;TRUE;FALSE;TRUE;-90.0002;-51.3718;7.83838;135;10.0015;-90.0002;-2;1;-2;0;-90.0002;-51.3718;7.83837;135;10.0015;-90.0002;-2;1;-2;0;-90.0002;-51.3718;7.83837;135;10.0015;-90.0002
895;8;0;0;4;0;TRUE;FALSE;TRUE;FALSE;-90.0004;-51.3717;7.83877;135;10.0015;270;-2;1;2;0;-90.0002;-51.3718;7.83837;135;10.0015;270;-2;1;2;0;-90.0002;-51.3718;7.83837;135;10.0015;270
898;8;0;0;4;0;TRUE;FALSE;TRUE;FALSE;0.000853307;-35.595;15.1463;45.001;19.6533;225.001;0;0;2;0;0.000991951;-35.595;15.1463;45.001;19.6533;225.001;0;0;2;0;0.000991951;-35.595;15.1463;45.001;19.6533;225.001
899;5;0;0;0;0;TRUE;FALSE;TRUE;FALSE;44.9984;35.5463;15.4796;-45.0005;13.0979;225;0;-1;2;0;44.9995;35.5473;15.4796;-45.0005;13.0979;224.999;0;-1;2;0;44.9995;35.5473;15.4796;-45.0005;13.0979;224.999
903;3;0;4;-4;0;TRUE;FALSE;TRUE;FALSE;89.9994;3.85793;39.01;225.001;35.5731;-179.999;0;2;-2;0;90.0007;3.85815;39.0103;225.001;35.573;-179.999;1;2;-2;0;90.0007;3.85815;39.0103;225.001;35.573;-179.999
904;4;0;-4;0;0;FALSE;TRUE;FALSE;TRUE;90.001;-8.29269;17.5272;-179.999;45.353;-44.999;1;-2;-1;0;90.0009;-8.2931;17.5268;-179.999;45.3529;-44.9991;1;-2;-1;0;90.0009;-8.2931;17.5268;-179.999;45.3529;-44.9991
904;7;0;-4;4;0;TRUE;FALSE;TRUE;FALSE;90.0005;-8.29299;17.5273;-179.999;45.3528;315.001;1;-2;3;0;90.0009;-8.2931;17.5268;-179.999;45.3529;315.001;1;-2;3;0;90.0009;-8.2931;17.5268;-179.999;45.3529;315.001
905;4;0;-4;0;0;FALSE;TRUE;FALSE;TRUE;134.999;-9.46136;41.4939;-135.001;18.3221;44.9992;1;-2;0;0;134.999;-9.46135;41.4939;-135.001;18.3221;44.9992;1;-2;0;0;134.999;-9.46135;41.4939;-135.001;18.3221;44.9992
906;5;0;0;0;0;TRUE;FALSE;TRUE;FALSE;135;-1.43788;46.7425;135.001;47.0338;-89.9995;1;1;-1;0;135.001;-1.43742;46.7428;135.001;47.0339;-89.9993;1;1;-1;0;135.001;-1.43742;46.7428;135.001;47.0339;-89.9993
908;3;0;4;-4;0;TRUE;FALSE;TRUE;FALSE;-0.000488189;-17.0065;2.09366;225.001;34.6666;-224.999;-1;2;-3;0;0.000878872;-17.0055;2.09357;225.001;34.6666;-224.999;0;2;-3;0;0.000878805;-17.0055;2.09357;225.001;34.6666;-224.999
911;5;0;0;0;0;FALSE;TRUE;FALSE;TRUE;-0.00226145;58.5636;-24.2816;89.9995;15.9416;89.9986;-1;0;0;0;-0.00100006;58.5644;-24.2817;89.999;15.9416;89.999;-1;0;0;0;-0.00100005;58.5644;-24.2817;89.999;15.9416;89.999
912;4;0;-4;0;0;FALSE;TRUE;FALSE;TRUE;-90.0003;-15.0938;-49.8596;-225;36.1077;-0.000293455;-2;-3;-1;0;-90.0003;-15.0938;-49.8596;-225;36.1077;-0.000293312;-2;-3;-1;0;-90.0003;-15.0938;-49.8596;-225;36.1077;-0.000292453
914;4;0;-4;0;0;TRUE;FALSE;TRUE;FALSE;90.0004;-14.6725;-10.0345;-224.999;44.5637;0.000655642;1;-3;0;0;90.0007;-14.6727;-10.0348;-224.999;44.5637;0.000670255;1;-3;0;0;90.0007;-14.6727;-10.0348;-224.999;44.5637;0.000672113
915;5;0;0;0;0;TRUE;FALSE;TRUE;FALSE;134.998;2.98974;-55.2911;179.999;44.7285;-90.0007;1;1;-2;0;134.999;2.99021;-55.291;179.999;44.7285;-90.0007;1;1;-2;0;134.999;2.99021;-55.291;179.999;44.7285;-90.0007
916;4;0;-4;0;0;TRUE;FALSE;TRUE;FALSE;134.999;10.6143;-8.42834;-135.001;19.3255;89.9998;1;-2;0;0;135;10.6149;-8.42799;-135;19.3255;89.9996;1;-2;0;0;135;10.6149;-8.42799;-135;19.3255;89.9996
923;2;0;0;-4;0;FALSE;TRUE;FALSE;TRUE;134.998;51.6129;-57.6794;-90.0002;46.708;-135;1;-2;-2;0;135;51.6135;-57.6794;-90.0001;46.708;-135;1;-2;-2;0;135;51.6135;-57.6793;-90.0001;46.708;-135
927;5;0;0;0;0;FALSE;TRUE;FALSE;TRUE;134.998;39.2271;47.1634;224.999;6.52428;180;1;2;1;0;134.999;39.2279;47.1633;224.999;6.52425;179.999;1;2;1;0;134.999;39.2279;47.1633;224.999;6.52425;179.999
929;6;0;4;0;0;TRUE;FALSE;TRUE;FALSE;0.000164062;-48.3573;3.93869;270;8.8992;135;0;3;1;0;0.000275988;-48.3578;3.93842;270;8.8992;135;0;3;1;0;0.000276075;-48.3578;3.93842;270;8.8992;135
930;5;0;0;0;0;FALSE;TRUE;FALSE;TRUE;-90;-33.6507;47.0362;-45.0006;26.7049;-0.000441645;-2;-1;-1;0;-90.0005;-33.6503;47.0363;-45.0005;26.7049;-0.000472744;-2;-1;-1;0;-90.0005;-33.6503;47.0363;-45.0005;26.7049;-0.000472946
933;5;0;0;0;0;FALSE;TRUE;FALSE;TRUE;-45.0002;-3.41136;-32.2761;89.9997;5.40727;-45.0002;-1;0;-1;0;-45.0002;-3.41136;-32.2761;89.9997;5.40727;-45.0002;-1;0;-1;0;-45.0002;-3.41136;-32.2761;89.9997;5.40727;-45.0001
933;8;0;0;4;0;TRUE;FALSE;TRUE;FALSE;-45.0001;-3.41138;-32.2761;89.9998;5.40727;315;-1;0;3;0;-45.0002;-3.41136;-32.2761;89.9997;5.40727;315;-1;0;3;0;-45.0002;-3.41136;-32.2761;89.9997;5.40727;315
935;1;0;-4;-4;0;TRUE;FALSE;TRUE;FALSE;134.998;33.6532;-4.9088;-135.001;35.1318;-315.001;1;-2;-4;0;134.999;33.654;-4.9089;-135.001;35.1317;-315.001;1;-2;-4;0;134.999;33.654;-4.9089;-135.001;35.1317;-315.001
935;4;0;-4;0;0;FALSE;TRUE;FALSE;TRUE;134.998;33.6531;-4.90889;-135.001;35.1317;44.9991;1;-2;0;0;134.999;33.654;-4.9089;-135.001;35.1317;44.9992;1;-2;0;0;134.999;33.654;-4.9089;-135.001;35.1317;44.9992
936;6;0;4;0;0;TRUE;FALSE;TRUE;FALSE;90.003;52.572;1.57405;225;6.01153;45.001;1;2;0;0;90.0004;52.573;1.57384;225;6.01154;45.0004;1;2;0;0;90.0004;52.573;1.57384;225;6.01154;45.0004
939;1;0;-4;-4;0;TRUE;FALSE;TRUE;FALSE;45.0005;-40.0738;-3.26237;-135;43.5163;-180;0;-2;-3;0;44.9998;-40.0739;-3.26243;-135;43.5163;-180;0;-2;-3;0;44.9998;-40.0739;-3.26243;-135;43.5163;-180
940;8;0;0;4;0;TRUE;FALSE;TRUE;FALSE;-89.9988;7.21534;-48.6737;135;23.6525;270.001;-1;1;3;0;-89.9995;7.21642;-48.6734;135;23.6525;270;-1;1;3;0;-89.9995;7.21642;-48.6734;135;23.6525;270
943;5;0;0;0;0;TRUE;FALSE;TRUE;FALSE;134.999;15.4409;-61.3731;135.002;11.4096;180;1;1;2;0;135.001;15.4418;-61.373;135.001;11.4097;180.001;1;1;2;0;135.001;15.4418;-61.373;135.001;11.4097;180.001
946;4;0;-4;0;0;TRUE;FALSE;TRUE;FALSE;134.999;45.0801;16.4833;-180.001;53.0052;44.9994;1;-3;0;0;134.999;45.0801;16.4833;-180.001;53.0052;44.9994;1;-3;0;0;134.999;45.0801;16.4833;-180.001;53.0052;44.9994
951;1;0;-4;-4;0;FALSE;TRUE;FALSE;FALSE;134.999;21.0011;13.0953;-180;22.4678;-225;1;-3;-3;0;135;21.001;13.0952;-180;22.4677;-225;1;-3;-3;0;9E+9;9E+9;9E+9;9E+9;9E+9;9E+9
951;4;0;-4;0;0;TRUE;FALSE;TRUE;TRUE;134.998;21.001;13.0952;-180;22.4677;135;1;-3;1;0;135;21.001;13.0952;-180;22.4677;135;1;-3;1;0;135;21.001;13.0952;-180;22.4677;135
952;4;0;-4;0;0;FALSE;TRUE;FALSE;TRUE;89.9997;-15.7933;37.7169;-135;18.2836;135;0;-2;1;0;89.9996;-15.7933;37.7169;-135;18.2836;135;0;-2;1;0;89.9996;-15.7933;37.7169;-135;18.2836;135
952;5;0;0;0;0;TRUE;FALSE;TRUE;FALSE;90.0005;-15.7933;37.717;225;18.2836;135;1;2;1;0;89.9996;-15.7933;37.7169;225;18.2836;135;0;2;1;0;89.9996;-15.7933;37.7169;225;18.2836;135
955;3;0;4;-4;0;TRUE;FALSE;TRUE;FALSE;-0.00168004;12.6175;-40.917;270;55.4259;-270;-1;3;-3;0;9.86827E-5;12.6182;-40.9171;270;55.4259;-270;0;3;-3;0;9.8639E-5;12.6182;-40.9171;270;55.4259;-270
956;6;0;4;0;0;TRUE;FALSE;TRUE;FALSE;44.9976;39.4352;-51.9389;270;50.7109;45;0;2;0;0;44.9998;39.4366;-51.9385;270;50.7108;44.9998;0;2;0;0;44.9998;39.4366;-51.9385;270;50.7108;44.9998
961;5;0;0;0;0;TRUE;FALSE;TRUE;FALSE;-0.000305525;-14.7358;-26.0277;-44.9996;16.1614;135.001;-1;-1;1;0;0.000526897;-14.735;-26.0274;-44.9995;16.1614;135.001;0;-1;1;0;0.000526561;-14.735;-26.0274;-44.9995;16.1614;135.001
962;1;0;-4;-4;0;TRUE;FALSE;TRUE;FALSE;44.9988;-46.0577;-0.397857;-225;27.4465;-225;0;-3;-3;0;45.0003;-46.0579;-0.397963;-225;27.4465;-225;0;-3;-3;0;45.0003;-46.0579;-0.397963;-225;27.4465;-225
962;2;0;0;-4;0;FALSE;TRUE;FALSE;TRUE;44.9991;-46.0579;-0.397962;135;27.4465;-225;0;1;-3;0;45.0003;-46.0579;-0.397963;135;27.4465;-225;0;1;-3;0;45.0003;-46.0579;-0.397963;135;27.4465;-225
963;4;0;-4;0;0;FALSE;TRUE;FALSE;TRUE;-45.0003;18.495;37.8677;-135;17.7671;224.999;-1;-2;2;0;-45.0005;18.496;37.8677;-135.001;17.7673;224.999;-1;-2;2;0;-45.0005;18.496;37.8677;-135.001;17.7673;224.999
963;5;0;0;0;0;TRUE;FALSE;TRUE;FALSE;-45;18.4955;37.8677;225;17.7673;224.999;-1;2;2;0;-45.0005;18.496;37.8677;224.999;17.7673;224.999;-1;2;2;0;-45.0005;18.496;37.8677;224.999;17.7673;224.999
966;2;0;0;-4;0;TRUE;FALSE;TRUE;FALSE;-89.9991;-16.6726;-18.9374;-89.9991;19.0381;-224.999;-1;-1;-3;0;-89.9991;-16.6723;-18.9377;-89.9991;19.0381;-224.999;-1;-1;-3;0;-89.9991;-16.6723;-18.9377;-89.9991;19.0381;-224.999
966;3;0;4;-4;0;FALSE;TRUE;FALSE;TRUE;-89.9991;-16.6723;-18.9376;270.001;19.0381;-224.999;-1;3;-3;0;-89.9991;-16.6723;-18.9377;270.001;19.0381;-224.999;-1;3;-3;0;-89.9991;-16.6723;-18.9377;270.001;19.0381;-224.999
967;2;0;0;-4;0;TRUE;FALSE;TRUE;FALSE;-45.0009;8.77205;42.5729;-90.0003;53.6864;-270;-1;-2;-4;0;-45.0003;8.77285;42.573;-90.0003;53.6863;-270;-1;-2;-4;0;-45.0003;8.77285;42.573;-90.0003;53.6863;-270
967;5;0;0;0;0;FALSE;TRUE;FALSE;TRUE;-45.0008;8.77229;42.5729;-90.0002;53.6864;89.9996;-1;-2;0;0;-45.0003;8.77285;42.573;-90.0003;53.6863;89.9997;-1;-2;0;0;-45.0003;8.77285;42.573;-90.0003;53.6863;89.9997
969;7;0;-4;4;0;TRUE;FALSE;TRUE;FALSE;0.00212914;-49.0683;-10.9592;-180;28.2595;360;0;-2;3;0;0.000191809;-49.0683;-10.9592;-180;28.2595;360;0;-2;4;0;0.000191809;-49.0683;-10.9592;-180;28.2595;360
969;8;0;0;4;0;FALSE;TRUE;FALSE;TRUE;0.00214978;-49.0683;-10.9592;180;28.2596;360;0;2;3;0;0.000191809;-49.0683;-10.9592;180;28.2595;360;0;2;4;0;0.000191809;-49.0683;-10.9592;180;28.2595;360
970;5;0;0;0;0;TRUE;FALSE;TRUE;FALSE;-90.0007;46.7049;-24.7181;224.999;49.6855;89.9991;-2;2;0;0;-90.001;46.7061;-24.7182;224.999;49.6854;89.999;-2;2;0;0;-90.001;46.7061;-24.7182;224.999;49.6854;89.999
973;5;0;0;0;0;FALSE;TRUE;FALSE;TRUE;44.9999;42.6036;-30.9788;90.0003;48.4092;0.00040016;0;1;0;0;45.0003;42.6045;-30.9787;90.0003;48.4091;0.000320018;0;1;0;0;45.0003;42.6045;-30.9787;90.0003;48.4091;0.000322903
973;8;0;0;4;0;TRUE;FALSE;TRUE;FALSE;45.0005;42.603;-30.9787;90.0005;48.409;360;0;1;4;0;45.0003;42.6045;-30.9787;90.0003;48.4091;360;0;1;4;0;45.0003;42.6045;-30.9787;90.0003;48.4091;360
976;7;0;-4;4;0;TRUE;FALSE;TRUE;FALSE;-0.000819717;38.6265;-70.1807;-225;13.7041;314.999;-1;-3;3;0;-0.000244404;38.6273;-70.1806;-225;13.704;315;-1;-3;3;0;-0.000244288;38.6273;-70.1806;-225;13.704;315
976;8;0;0;4;0;FALSE;TRUE;FALSE;TRUE;-0.00102431;38.6266;-70.1807;135;13.7041;315;-1;1;3;0;-0.000244404;38.6273;-70.1806;135;13.704;315;-1;1;3;0;-0.00024448;38.6273;-70.1806;135;13.704;315
977;3;0;4;-4;0;TRUE;FALSE;TRUE;FALSE;-44.998;17.8619;-0.481439;270.001;49.3942;-179.999;-1;3;-2;0;-44.9993;17.8625;-0.481276;270.001;49.3942;-179.999;-1;3;-2;0;-44.9993;17.8625;-0.481276;270.001;49.3942;-179.999
978;2;0;0;-4;0;FALSE;TRUE;FALSE;TRUE;-89.9984;-10.2524;9.4929;180.001;36.6405;-314.999;-1;2;-4;0;-89.9991;-10.2524;9.49279;180.001;36.6405;-314.999;-1;2;-4;0;-89.9991;-10.2524;9.49279;180.001;36.6405;-314.999
978;5;0;0;0;0;TRUE;FALSE;TRUE;FALSE;-89.999;-10.2524;9.49281;180.001;36.6405;45.0009;-1;2;0;0;-89.9991;-10.2524;9.49279;180.001;36.6405;45.0009;-1;2;0;0;-89.9991;-10.2524;9.49279;180.001;36.6405;45.0009
980;6;0;4;0;0;FALSE;TRUE;FALSE;TRUE;-90.0028;20.5064;-16.2478;269.999;21.7188;7.94877E-5;-2;2;0;0;-90.0004;20.5066;-16.2477;270;21.7188;-0.000356232;-2;2;-1;0;-90.0004;20.5066;-16.2477;270;21.7188;-0.000358448
982;5;0;0;0;0;FALSE;FALSE;TRUE;FALSE;-135;-8.42097;32.2061;45.0006;49.7586;-44.9994;-2;0;-1;0;-134.999;-8.42128;32.2062;45.0006;49.7586;-44.9994;-2;0;-1;0;-134.999;-8.42128;32.2062;45.0006;49.7586;-44.9994
988;8;0;0;4;0;TRUE;FALSE;TRUE;FALSE;90.0013;58.0474;-21.5322;-135;28.3712;225.001;1;-2;2;0;90.0005;58.048;-21.5323;-134.999;28.3712;225.001;1;-2;2;0;90.0005;58.048;-21.5323;-134.999;28.3712;225.001
989;5;0;0;0;0;TRUE;FALSE;TRUE;FALSE;0.00245392;-22.9572;-50.1175;224.999;2.08577;-45.0011;0;2;-1;0;-0.000837217;-22.9566;-50.1175;224.999;2.08563;-45.001;-1;2;-1;0;-0.000837151;-22.9566;-50.1175;224.999;2.08563;-45.0009
990;4;0;-4;0;0;TRUE;FALSE;TRUE;FALSE;-0.000231036;26.2811;-49.8758;-270;52.0622;-44.9998;-1;-3;-1;0;0.000154252;26.2819;-49.8755;-270;52.0621;-44.9998;0;-3;-1;0;0.000154261;26.2819;-49.8755;-270;52.0621;-44.9998
990;5;0;0;0;0;FALSE;TRUE;FALSE;TRUE;-6.81301E-5;26.2812;-49.8758;90.0001;52.0621;-44.9999;-1;1;-1;0;0.000154252;26.2819;-49.8755;90.0002;52.0621;-44.9998;0;1;-1;0;0.000154316;26.2819;-49.8755;90.0002;52.0621;-44.9998
991;2;0;0;-4;0;FALSE;TRUE;FALSE;TRUE;89.9986;17.239;-76.6437;44.9999;58.839;-225;0;0;-3;0;89.9998;17.2399;-76.6435;44.9998;58.8391;-225;0;0;-3;0;89.9998;17.2399;-76.6436;44.9998;58.8391;-225
991;5;0;0;0;0;TRUE;FALSE;TRUE;FALSE;89.999;17.2395;-76.6437;44.9998;58.8391;135;0;0;1;0;89.9998;17.2399;-76.6435;44.9998;58.8391;135;0;0;1;0;89.9998;17.2399;-76.6436;44.9997;58.8391;135
992;2;0;0;-4;0;TRUE;FALSE;TRUE;FALSE;0.000606179;-56.3268;40.3592;0.000503957;50.3299;-359.999;0;0;-4;0;0.000503891;-56.3268;40.3592;0.000503891;50.3299;-359.999;0;0;-4;0;0.000503891;-56.3268;40.3592;0.000503891;50.3299;-359.999
993;8;0;0;4;0;TRUE;FALSE;TRUE;FALSE;-0.00119341;38.487;39.1215;-0.000587191;19.4757;269.999;-1;-1;2;0;-0.000772642;38.4881;39.1214;-0.000772495;19.4757;269.999;-1;-1;2;0;-0.000772675;38.4881;39.1214;-0.000771612;19.4757;269.999
998;1;0;-4;-4;0;FALSE;TRUE;FALSE;TRUE;-90.0001;9.58646;-12.1805;-270;43.1208;-180;-2;-3;-2;0;-89.9999;9.58585;-12.1811;-270;43.1208;-180;-1;-3;-2;0;-89.9999;9.58586;-12.1811;-270;43.1208;-180
998;4;0;-4;0;0;TRUE;FALSE;TRUE;FALSE;-90.0003;9.58638;-12.1807;-270;43.1208;180;-2;-4;1;0;-89.9999;9.58585;-12.1811;-270;43.1208;180;-1;-3;2;0;-89.9999;9.58585;-12.1811;-270;43.1208;180
1000;9;0;4;4;0;TRUE;FALSE;TRUE;FALSE;-90.0003;-20.2435;-43.0915;270;14.2223;270;-2;2;2;0;-90.0004;-20.2429;-43.0912;270;14.2222;270;-2;2;2;0;-90.0004;-20.2429;-43.0912;270;14.2222;270
1001;2;0;0;-4;0;FALSE;TRUE;FALSE;TRUE;-0.000690075;-52.936;44.0325;44.9995;47.8396;-135;-1;0;-2;0;-0.000345952;-52.9356;44.033;44.9997;47.8396;-135;-1;0;-2;0;-0.000346017;-52.9356;44.033;44.9996;47.8396;-135
1002;5;0;0;0;0;TRUE;FALSE;TRUE;FALSE;-89.9994;-27.1579;34.42;180;49.3081;89.9999;-1;1;0;0;-90.0001;-27.1572;34.42;180;49.3081;89.9999;-2;1;0;0;-90.0001;-27.1572;34.42;180;49.3081;89.9999
1003;4;0;-4;0;0;FALSE;TRUE;FALSE;TRUE;-0.000395609;-1.49685;25.3585;-269.999;20.8327;-44.9992;-1;-3;-1;0;0.000925534;-1.49601;25.3584;-269.999;20.8325;-44.9991;0;-3;-1;0;0.000925667;-1.49602;25.3584;-269.999;20.8325;-44.9991
1003;5;0;0;0;0;TRUE;FALSE;TRUE;FALSE;6.16214E-5;-1.49664;25.3584;90.0007;20.8325;-44.9989;0;1;-1;0;0.000925534;-1.49601;25.3584;90.0009;20.8325;-44.9991;0;1;-1;0;0.00092552;-1.49601;25.3584;90.0009;20.8325;-44.9991
1008;5;0;0;0;0;TRUE;FALSE;TRUE;FALSE;-45.0017;-37.5543;-11.2487;-45.0008;37.8106;134.999;-1;-1;1;0;-45.0008;-37.5542;-11.2488;-45.0008;37.8106;134.999;-1;-1;1;0;-45.0008;-37.5542;-11.2488;-45.0008;37.8106;134.999
1013;5;0;0;0;0;TRUE;FALSE;TRUE;FALSE;44.9997;59.3766;-47.7649;-90.0005;28.201;89.9998;0;-2;0;0;44.9997;59.3774;-47.7648;-90.0003;28.2009;89.9997;0;-2;0;0;44.9997;59.3774;-47.7648;-90.0003;28.2009;89.9997
1014;2;0;0;-4;0;TRUE;FALSE;TRUE;FALSE;134.999;39.8129;-48.0585;-45.0003;9.1446;-314.999;1;-1;-4;0;135;39.8138;-48.0584;-44.9997;9.14456;-315;1;-1;-4;0;135;39.8138;-48.0584;-44.9997;9.14456;-315
1019;5;0;0;0;0;FALSE;FALSE;TRUE;FALSE;-134.999;25.3435;-35.2955;-89.9995;40.2423;0.000580647;-2;-1;0;0;-134.999;25.3444;-35.2953;-89.9995;40.2423;0.000547489;-2;-1;0;0;-134.999;25.3444;-35.2953;-89.9995;40.2423;0.000547489
1023;2;0;0;-4;0;FALSE;TRUE;FALSE;TRUE;-0.00214894;42.9557;12.9206;-90.0003;42.5187;-180;-1;-2;-2;0;-0.000148653;42.956;12.9206;-90.0002;42.5184;-180;-1;-2;-3;0;-0.000148566;42.956;12.9206;-90.0002;42.5184;-180
1023;5;0;0;0;0;TRUE;FALSE;TRUE;FALSE;-0.0046709;42.9546;12.9207;-90.0002;42.5183;179.999;-1;-2;1;0;-0.000148653;42.956;12.9206;-90.0002;42.5184;180;-1;-2;1;0;-0.000148496;42.956;12.9206;-90.0002;42.5184;180
1024;3;0;4;-4;0;FALSE;TRUE;FALSE;TRUE;44.9992;31.3358;19.6533;269.999;24.264;-360.001;0;2;-5;0;44.9993;31.3358;19.6533;269.999;24.264;-360.001;0;2;-5;0;44.9993;31.3358;19.6533;269.999;24.264;-360.001
1027;5;0;0;0;0;FALSE;TRUE;FALSE;FALSE;-0.00131414;23.1863;-15.4344;225;36.895;180;-1;2;1;0;-3.71064E-5;23.1874;-15.4344;225;36.895;180;-1;2;1;0;9E+9;9E+9;9E+9;9E+9;9E+9;9E+9
1028;8;0;0;4;0;TRUE;FALSE;TRUE;FALSE;89.9995;-22.3492;31.8967;135;50.8847;225;0;1;2;0;90.0001;-22.3487;31.8967;135;50.8847;225;1;1;2;0;90.0001;-22.3487;31.8967;135;50.8847;225
1035;8;0;0;4;0;TRUE;FALSE;TRUE;FALSE;-44.9989;33.4113;-34.5613;-44.9997;5.99864;269.999;-1;-1;2;0;-45.0001;33.4123;-34.5613;-45.0002;5.99872;270;-1;-1;2;0;-45.0001;33.4123;-34.5613;-45.0002;5.99871;270
1036;7;0;-4;4;0;TRUE;FALSE;TRUE;FALSE;-45.0014;41.0791;16.7958;-135.001;28.644;269.999;-1;-2;2;0;-45.001;41.081;16.7968;-135.001;28.6441;269.999;-1;-2;2;0;-45.001;41.081;16.7968;-135.001;28.6441;269.999
1037;6;0;4;0;0;TRUE;FALSE;TRUE;FALSE;44.9985;22.8793;-11.4985;270;47.1292;180;0;2;1;0;44.9996;22.8797;-11.4988;270;47.1291;180;0;2;1;0;44.9996;22.8797;-11.4988;270;47.1291;180
1038;8;0;0;4;0;TRUE;FALSE;TRUE;FALSE;134.999;30.4999;-8.01518;135;58.8941;225;1;1;2;0;135;30.5008;-8.01538;135;58.894;225;1;1;2;0;135;30.5008;-8.01538;135;58.894;225
1044;5;0;0;0;0;TRUE;FALSE;TRUE;FALSE;135;-39.7192;43.247;-44.9998;26.2527;135;1;-1;1;0;135;-39.7186;43.2475;-44.9998;26.2526;135;1;-1;1;0;135;-39.7186;43.2475;-44.9998;26.2526;135
1047;2;0;0;-4;0;TRUE;FALSE;TRUE;FALSE;44.9999;57.0987;46.6871;45.0002;54.4098;-360;0;0;-4;0;45.0002;57.0995;46.6872;45.0002;54.4096;-360;0;0;-4;0;45.0002;57.0995;46.6872;45.0002;54.4096;-360
1047;5;0;0;0;0;FALSE;TRUE;FALSE;TRUE;45.0008;57.0987;46.6872;45.0002;54.4096;0.000233859;0;0;0;0;45.0002;57.0995;46.6872;45.0002;54.4096;0.000235899;0;0;0;0;45.0002;57.0995;46.6872;45.0002;54.4096;0.000235899
1051;6;0;4;0;0;TRUE;FALSE;TRUE;FALSE;45.0017;4.76597;12.611;225.001;30.2426;-44.9994;0;2;-1;0;45.0007;4.76638;12.6112;225.001;30.2426;-44.9994;0;2;-1;0;45.0007;4.76638;12.6112;225.001;30.2426;-44.9993
1052;8;0;0;4;0;TRUE;FALSE;TRUE;FALSE;90.0005;-26.4284;23.0931;-134.999;6.95822;315.001;1;-2;3;0;90.0005;-26.4284;23.093;-134.999;6.95822;315.001;1;-2;3;0;90.0005;-26.4284;23.093;-134.999;6.95821;315.001
1054;6;0;4;0;0;TRUE;FALSE;TRUE;FALSE;-89.9981;6.04372;6.46194;270;12.5339;-135;-1;2;-2;0;-89.9999;6.0445;6.46168;270;12.534;-135;-1;3;-2;0;-89.9999;6.0445;6.46168;270;12.534;-135
1055;4;0;-4;0;0;TRUE;FALSE;TRUE;FALSE;-0.00243075;22.5419;-50.1573;-225;26.9138;179.999;-1;-3;1;0;-0.000798858;22.5428;-50.1572;-225.001;26.9137;179.999;-1;-3;1;0;-0.000798942;22.5428;-50.1572;-225.001;26.9137;179.999
1055;5;0;0;0;0;FALSE;TRUE;FALSE;TRUE;-0.00191644;22.5422;-50.1573;134.999;26.9137;179.999;-1;1;1;0;-0.000798858;22.5428;-50.1572;134.999;26.9137;179.999;-1;1;1;0;-0.000798844;22.5428;-50.1572;134.999;26.9137;179.999
1056;3;0;4;-4;0;TRUE;FALSE;TRUE;FALSE;44.9991;31.2031;36.1219;270;15.1745;-270;0;2;-4;0;45;31.204;36.122;270;15.1744;-270;0;3;-4;0;45;31.204;36.122;270;15.1744;-270
1062;4;0;-4;0;0;TRUE;FALSE;TRUE;FALSE;134.999;-9.00025;16.0114;-225;28.1844;-89.9999;1;-3;-1;0;135;-8.99991;16.0112;-225;28.1845;-89.9999;1;-3;-1;0;135;-8.99991;16.0112;-225;28.1845;-89.9999
1063;5;0;0;0;0;FALSE;TRUE;FALSE;TRUE;135;-36.3048;29.9649;135;29.0121;0.00018002;1;1;0;0;135;-36.3054;29.9646;135;29.0121;-7.38207E-5;1;1;-1;0;135;-36.3054;29.9646;135;29.0121;-7.82991E-5
1063;8;0;0;4;0;TRUE;FALSE;TRUE;FALSE;135;-36.3049;29.9648;135;29.0121;360;1;1;3;0;135;-36.3054;29.9646;135;29.0121;360;1;1;3;0;135;-36.3054;29.9646;135;29.0121;360
1065;5;0;0;0;0;TRUE;FALSE;TRUE;FALSE;-0.000297444;-21.7201;-2.84647;45.0001;48.0757;-135;-1;0;-2;0;4.01442E-5;-21.7188;-2.84585;45;48.0758;-135;0;0;-2;0;3.99035E-5;-21.7188;-2.84585;45;48.0758;-135
1066;5;0;0;0;0;FALSE;TRUE;FALSE;TRUE;44.9998;36.9018;-75.5328;0.000376275;50.6356;-44.9996;0;0;-1;0;45.0004;36.9024;-75.5327;0.000356348;50.6357;-44.9996;0;0;-1;0;45.0004;36.9024;-75.5327;0.000359111;50.6357;-44.9996
1066;8;0;0;4;0;TRUE;FALSE;TRUE;FALSE;44.9995;36.9014;-75.5328;0.000346441;50.6356;315;0;0;3;0;45.0004;36.9024;-75.5327;0.000356348;50.6357;315;0;0;3;0;45.0004;36.9024;-75.5327;0.000356626;50.6357;315
1067;6;0;4;0;0;TRUE;FALSE;TRUE;FALSE;-89.9991;8.84243;-32.9783;270.001;2.55074;180.001;-1;3;2;0;-89.9992;8.84244;-32.9783;270.001;2.55074;180.001;-1;3;2;0;-89.9992;8.84244;-32.9783;270.001;2.55074;180.001
1068;8;0;0;4;0;FALSE;TRUE;FALSE;TRUE;44.9995;-40.6234;-2.21922;-44.9997;27.366;270;0;-1;3;0;45.0002;-40.6232;-2.219;-44.9998;27.3659;270;0;-1;3;0;45.0002;-40.6232;-2.219;-44.9998;27.3659;270
1070;8;0;0;4;0;TRUE;FALSE;TRUE;FALSE;-0.000914264;34.8991;-25.4363;89.999;0.904568;359.999;-1;0;3;0;-0.000914414;34.8991;-25.4363;89.999;0.904568;359.999;-1;0;3;0;-0.000914627;34.8991;-25.4363;89.9992;0.904572;359.999
1074;6;0;4;0;0;TRUE;FALSE;TRUE;FALSE;-45.0003;41.8562;39.1849;225.001;11.1973;45.0012;-1;2;0;0;-44.9991;41.8574;39.1848;225.001;11.1972;45.0009;-1;2;0;0;-44.9991;41.8574;39.1848;225.001;11.1972;45.0009
1075;6;0;4;0;0;FALSE;TRUE;FALSE;TRUE;-89.9999;-51.3388;5.11276;270;16.5917;-135;-1;3;-2;0;-89.9999;-51.3388;5.11276;270;16.5917;-135;-1;3;-2;0;-89.9999;-51.3388;5.11276;270;16.5917;-135
1078;7;0;-4;4;0;TRUE;FALSE;TRUE;FALSE;44.9989;-48.6947;20.7642;-270.001;29.8801;269.999;0;-4;2;0;44.999;-48.6947;20.7642;-270.001;29.8801;269.999;0;-4;2;0;44.999;-48.6947;20.7642;-270.001;29.8801;269.999
1081;1;0;-4;-4;0;FALSE;TRUE;FALSE;TRUE;-45.001;-32.7641;35.0667;-225.001;18.3422;-225.001;-1;-3;-3;0;-45.0009;-32.7641;35.0667;-225.001;18.3422;-225.001;-1;-3;-3;0;-45.0009;-32.7641;35.0667;-225.001;18.3422;-225.001
1081;2;0;0;-4;0;TRUE;FALSE;TRUE;FALSE;-45.001;-32.7641;35.0667;134.999;18.3422;-225.001;-1;1;-3;0;-45.0009;-32.7641;35.0667;134.999;18.3422;-225.001;-1;1;-3;0;-45.0009;-32.7641;35.0667;134.999;18.3422;-225.001
1082;4;0;-4;0;0;TRUE;FALSE;TRUE;FALSE;-0.0018236;-13.2193;-57.9969;-180;36.6094;135;-1;-3;1;0;-0.000359912;-13.2188;-57.9968;-180;36.6094;135;-1;-3;1;0;-0.000359915;-13.2188;-57.9968;-180;36.6094;135
1083;5;0;0;0;0;FALSE;FALSE;TRUE;FALSE;-135;6.33663;2.42261;135;48.9695;135;-2;1;1;0;-135;6.33747;2.42287;135;48.9694;135;-2;1;1;0;-135;6.33747;2.42287;135;48.9694;135
1087;8;0;0;4;0;TRUE;FALSE;TRUE;FALSE;-45.0004;-29.4137;-20.5248;179.999;55.4846;269.999;-1;1;2;0;-45.0007;-29.4131;-20.5246;179.999;55.4845;269.999;-1;1;2;0;-45.0007;-29.4131;-20.5246;179.999;55.4845;269.999
1088;6;0;4;0;0;TRUE;FALSE;TRUE;FALSE;44.9988;56.139;-55.684;269.999;57.0026;-45.0007;0;2;-1;0;44.9993;56.14;-55.6838;269.999;57.0025;-45.0007;0;2;-1;0;44.9993;56.14;-55.6838;269.999;57.0025;-45.0007
1089;5;0;0;0;0;FALSE;TRUE;FALSE;TRUE;-44.9978;14.8735;-33.252;45.0006;41.3868;-134.999;-1;0;-2;0;-44.9994;14.8741;-33.2521;45.0006;41.3868;-134.999;-1;0;-2;0;-44.9994;14.8741;-33.2521;45.0006;41.3868;-134.999
1089;8;0;0;4;0;TRUE;FALSE;TRUE;FALSE;-44.9982;14.8737;-33.252;45.0007;41.3868;225.001;-1;0;2;0;-44.9994;14.8741;-33.2521;45.0006;41.3868;225.001;-1;0;2;0;-44.9994;14.8741;-33.2521;45.0006;41.3868;225.001
1090;5;0;0;0;0;TRUE;FALSE;TRUE;FALSE;-90.0009;-4.9202;-74.4377;-90.001;1.84942;-90.0007;-2;-2;-2;0;-90.0009;-4.9202;-74.4377;-90.001;1.84942;-90.0007;-2;-2;-2;0;-90.0009;-4.9202;-74.4377;-90.001;1.84942;-90.0008
1090;6;0;4;0;0;FALSE;TRUE;FALSE;TRUE;-90.0009;-4.9202;-74.4377;269.999;1.84942;-90.0007;-2;2;-2;0;-90.0009;-4.9202;-74.4377;269.999;1.84942;-90.0007;-2;2;-2;0;-90.0009;-4.9202;-74.4377;269.999;1.84942;-90.0008
1091;2;0;0;-4;0;FALSE;TRUE;FALSE;TRUE;44.9995;-13.054;-56.3741;225;28.992;-360;0;2;-5;0;44.9995;-13.054;-56.3741;225;28.992;-360;0;2;-5;0;44.9995;-13.054;-56.3741;225;28.992;-360
1094;5;0;0;0;0;TRUE;FALSE;TRUE;FALSE;44.9994;37.2205;-58.8934;-89.9995;43.7416;135.001;0;-1;1;0;45.0005;37.221;-58.8934;-89.9995;43.7416;135.001;0;-1;1;0;45.0005;37.221;-58.8934;-89.9995;43.7416;135.001
1094;6;0;4;0;0;FALSE;TRUE;FALSE;TRUE;44.9993;37.2204;-58.8934;270;43.7415;135.001;0;3;1;0;45.0005;37.221;-58.8934;270;43.7416;135.001;0;3;1;0;45.0005;37.221;-58.8934;270;43.7416;135.001
1095;1;0;-4;-4;0;TRUE;FALSE;TRUE;FALSE;45.0008;-11.3325;26.7349;-224.999;25.8297;-179.999;0;-3;-2;0;45.0009;-11.3327;26.7351;-224.999;25.8296;-179.999;0;-3;-2;0;45.0009;-11.3327;26.7351;-224.999;25.8296;-179.999
1095;2;0;0;-4;0;FALSE;TRUE;FALSE;TRUE;45.0009;-11.3327;26.7351;135.001;25.8296;-179.999;0;1;-2;0;45.0009;-11.3327;26.7351;135.001;25.8296;-179.999;0;1;-2;0;45.0009;-11.3327;26.7351;135.001;25.8296;-179.999
1096;7;0;-4;4;0;FALSE;TRUE;FALSE;TRUE;0.00104678;42.7501;-51.2282;-135.001;46.558;314.999;0;-2;3;0;-0.000673228;42.7509;-51.2284;-135.001;46.5578;314.999;-1;-2;3;0;-0.000673228;42.7509;-51.2284;-135.001;46.5578;314.999
1097;5;0;0;0;0;FALSE;TRUE;FALSE;TRUE;89.9992;47.3389;-58.4333;-89.9996;36.9774;0.000712106;0;-1;0;0;90.0005;47.3397;-58.4332;-89.9995;36.9774;0.000535448;1;-1;0;0;90.0005;47.3397;-58.4332;-89.9995;36.9774;0.000532565
1099;5;0;0;0;0;FALSE;TRUE;FALSE;TRUE;89.999;4.92343;25.0052;179.999;29.0798;-45.0006;0;1;-1;0;89.9994;4.92386;25.0053;179.999;29.0799;-45.0006;0;1;-1;0;89.9994;4.92386;25.0053;179.999;29.0799;-45.0006
1104;8;0;0;4;0;TRUE;FALSE;TRUE;FALSE;-44.9968;52.5763;40.4951;-135;27.4959;225.001;-1;-2;2;0;-44.9993;52.5767;40.4941;-134.999;27.496;225.001;-1;-2;2;0;-44.9993;52.5767;40.4941;-134.999;27.496;225.001
1105;8;0;0;4;0;TRUE;FALSE;TRUE;FALSE;44.999;11.4058;28.7628;225;36.6753;270;0;2;2;0;44.9996;11.406;28.7625;225;36.6753;270;0;2;2;0;44.9996;11.406;28.7625;225;36.6753;270
1106;4;0;-4;0;0;TRUE;FALSE;TRUE;FALSE;134.999;-35.357;-33.3076;-269.999;39.4385;180.001;1;-3;2;0;135.001;-35.3569;-33.3076;-269.999;39.4385;180.001;1;-3;2;0;135.001;-35.3569;-33.3076;-269.999;39.4385;180.001
1106;5;0;0;0;0;FALSE;TRUE;FALSE;TRUE;134.998;-35.3571;-33.3076;90.0013;39.4387;180.001;1;1;2;0;135.001;-35.3569;-33.3076;90.0008;39.4385;180.001;1;1;2;0;135.001;-35.3569;-33.3076;90.0008;39.4385;180.001
1109;2;0;0;-4;0;TRUE;FALSE;TRUE;FALSE;0.000256488;23.5938;4.77985;224.999;17.8222;-360.001;0;2;-5;0;-0.000716698;23.5939;4.77951;224.999;17.8222;-360.001;-1;2;-5;0;-0.000716624;23.5939;4.77951;224.999;17.8222;-360.001
1109;5;0;0;0;0;FALSE;TRUE;FALSE;TRUE;-0.000174574;23.5938;4.77975;224.999;17.8222;-0.000694092;-1;2;-1;0;-0.000716698;23.5939;4.77951;224.999;17.8222;-0.000704815;-1;2;-1;0;-0.000716639;23.5939;4.77951;224.999;17.8222;-0.000705712
1111;7;0;-4;4;0;TRUE;FALSE;TRUE;FALSE;44.9996;43.1167;-72.2121;-135;45.6167;270;0;-2;3;0;45;43.1171;-72.212;-135;45.6166;270;0;-2;3;0;45;43.1171;-72.212;-135;45.6166;270
1113;4;0;-4;0;0;TRUE;FALSE;TRUE;FALSE;89.9995;3.21255;32.5751;-180;25.4212;-45.0007;0;-3;-1;0;89.9995;3.2136;32.5751;-180;25.4213;-45.0005;0;-3;-1;0;89.9995;3.2136;32.5751;-180;25.4213;-45.0005
1119;4;0;-4;0;0;TRUE;FALSE;TRUE;FALSE;-90.0019;10.742;17.0423;-270;46.0927;44.9998;-2;-4;0;0;-90.0002;10.7431;17.0427;-270;46.0927;44.9998;-2;-4;0;0;-90.0002;10.7431;17.0427;-270;46.0927;44.9998
1121;2;0;0;-4;0;FALSE;TRUE;FALSE;TRUE;-134.999;12.5589;-53.3274;180.001;17.564;-224.999;-2;2;-3;0;-134.999;12.5596;-53.3271;180.001;17.564;-224.999;-2;2;-3;0;-134.999;12.5596;-53.3271;180.001;17.564;-224.999
1121;5;0;0;0;0;TRUE;FALSE;TRUE;FALSE;-134.998;12.5588;-53.3274;180.001;17.5641;135;-2;2;1;0;-134.999;12.5596;-53.3271;180.001;17.564;135.001;-2;2;1;0;-134.999;12.5596;-53.3271;180.001;17.564;135.001
1122;2;0;0;-4;0;TRUE;FALSE;TRUE;FALSE;-90;-25.5092;8.67151;135;51.2509;-225;-1;1;-3;0;-89.9999;-25.5092;8.67152;135;51.2509;-225;-1;1;-3;0;-89.9999;-25.5092;8.67152;135;51.2509;-225
1125;5;0;0;0;0;TRUE;FALSE;TRUE;FALSE;0.000824998;0.469734;45.1319;90.0009;51.5714;-134.999;0;1;-2;0;0.000901753;0.470597;45.132;90.0009;51.5714;-134.999;0;1;-2;0;0.000901753;0.470599;45.132;90.0009;51.5714;-134.999
1128;1;0;-4;-4;0;TRUE;FALSE;TRUE;FALSE;134.999;6.61522;-9.56293;-135;52.3515;-270;1;-2;-4;0;135;6.6158;-9.56267;-135;52.3515;-270;1;-2;-4;0;135;6.6158;-9.56267;-135;52.3515;-270
1130;5;0;0;0;0;TRUE;FALSE;TRUE;FALSE;-90.0001;44.6541;31.4642;225;56.4897;180;-2;2;1;0;-90.0003;44.6553;31.4643;225;56.4898;180;-2;2;1;0;-90.0003;44.6553;31.4643;225;56.4898;180
1132;3;0;4;-4;0;FALSE;TRUE;FALSE;TRUE;-44.9988;-43.4871;-11.4116;270;26.8643;-180;-1;2;-3;0;-45.0002;-43.487;-11.4115;270;26.8642;-180;-1;2;-3;0;-45.0002;-43.487;-11.4115;270;26.8642;-180
1132;6;0;4;0;0;TRUE;FALSE;TRUE;FALSE;-44.9982;-43.4872;-11.4115;269.999;26.8643;180;-1;2;1;0;-45.0002;-43.487;-11.4115;270;26.8642;180;-1;2;1;0;-45.0002;-43.487;-11.4115;270;26.8642;180
1133;8;0;0;4;0;TRUE;FALSE;TRUE;FALSE;-89.9995;53.6671;-45.3528;-90;42.0716;270;-1;-2;3;0;-89.9999;53.668;-45.3526;-89.9999;42.0716;270;-1;-1;3;0;-89.9999;53.668;-45.3526;-89.9999;42.0716;270
1134;5;0;0;0;0;FALSE;TRUE;FALSE;TRUE;-135;-0.21424;-28.3761;90.0003;11.4866;135;-2;1;1;0;-135;-0.214239;-28.3761;90.0003;11.4866;135;-2;1;1;0;-135;-0.214239;-28.3761;90.0003;11.4866;135
1135;1;0;-4;-4;0;TRUE;FALSE;TRUE;FALSE;-89.9995;-40.4767;10.7068;-224.999;31.9675;-269.999;-1;-3;-3;0;-89.9993;-40.4767;10.7068;-224.999;31.9675;-269.999;-1;-3;-3;0;-89.9993;-40.4767;10.7068;-224.999;31.9675;-269.999
1137;2;0;0;-4;0;FALSE;TRUE;FALSE;TRUE;44.9975;18.7632;-28.6854;-90.0008;31.4566;-270.001;0;-2;-4;0;44.9992;18.7634;-28.6856;-90.0008;31.4566;-270.001;0;-2;-4;0;44.9992;18.7634;-28.6856;-90.0008;31.4566;-270.001
1138;2;0;0;-4;0;FALSE;TRUE;FALSE;TRUE;89.9977;14.6247;-26.083;-90.0009;30.1199;-225.001;0;-2;-3;0;89.9992;14.6251;-26.083;-90.0008;30.1199;-225.001;0;-2;-3;0;89.9992;14.6251;-26.083;-90.0008;30.1199;-225.001
1138;5;0;0;0;0;TRUE;FALSE;TRUE;FALSE;89.998;14.6249;-26.083;-90.0008;30.12;134.999;0;-2;1;0;89.9992;14.6251;-26.083;-90.0008;30.1199;134.999;0;-2;1;0;89.9992;14.6251;-26.083;-90.0008;30.1199;134.999
1139;4;0;-4;0;0;FALSE;TRUE;FALSE;TRUE;89.9999;35.543;38.4943;-135;58.5991;225;0;-2;2;0;90;35.5437;38.4945;-135;58.5992;225;0;-2;2;0;90;35.5437;38.4945;-135;58.5992;225
1139;5;0;0;0;0;TRUE;FALSE;TRUE;FALSE;90;35.5431;38.4944;225;58.5992;225;0;2;2;0;90;35.5437;38.4945;225;58.5992;225;0;2;2;0;90;35.5437;38.4945;225;58.5992;225
1140;8;0;0;4;0;TRUE;FALSE;TRUE;FALSE;90.0008;-1.87702;-33.5495;90.0009;16.9524;270.001;1;1;3;0;90.0008;-1.87689;-33.5496;90.0008;16.9524;270.001;1;1;3;0;90.0008;-1.8769;-33.5496;90.0008;16.9524;270.001
1141;5;0;0;0;0;FALSE;TRUE;FALSE;TRUE;-0.000202345;-0.946703;-33.625;-90.0003;29.1751;225;-1;-2;2;0;-0.000272994;-0.946687;-33.625;-90.0003;29.1751;225;-1;-2;2;0;-0.000273143;-0.946687;-33.625;-90.0003;29.1751;225
1141;6;0;4;0;0;TRUE;FALSE;TRUE;FALSE;0.00166655;-0.947505;-33.6252;269.999;29.1751;225;0;2;2;0;-0.000272994;-0.946687;-33.625;270;29.1751;225;-1;2;2;0;-0.000273047;-0.946686;-33.625;270;29.1751;225
1142;5;0;0;0;0;TRUE;FALSE;TRUE;FALSE;-0.000636634;46.5628;45.2391;-45.0009;15.0408;44.999;-1;-1;0;0;-0.000970098;46.5633;45.2391;-45.001;15.0407;44.999;-1;-1;0;0;-0.000970098;46.5633;45.2391;-45.001;15.0407;44.999
1145;2;0;0;-4;0;TRUE;FALSE;TRUE;TRUE;0.000750032;12.5632;2.80793;90.0008;49.722;-179.999;0;1;-2;0;0.000771301;12.5632;2.80771;90.0008;49.722;-179.999;0;1;-2;0;0.000771161;12.5632;2.80771;90.0008;49.722;-179.999
1145;5;0;0;0;0;FALSE;TRUE;FALSE;FALSE;2.00782E-6;12.5635;2.8086;90.0008;49.7222;180;0;1;2;0;0.000771301;12.5632;2.80771;90.0008;49.722;180.001;0;1;2;0;9E+9;9E+9;9E+9;9E+9;9E+9;9E+9
1146;5;0;0;0;0;FALSE;TRUE;FALSE;TRUE;89.9993;46.2374;24.4856;-90.0007;4.4734;-45.0007;0;-2;-1;0;89.9993;46.2374;24.4856;-90.0007;4.4734;-45.0007;0;-2;-1;0;89.9993;46.2374;24.4856;-90.0007;4.4734;-45.0007
1147;4;0;-4;0;0;TRUE;FALSE;TRUE;FALSE;45;-27.4686;7.27529;-180.001;35.551;44.9992;0;-3;0;0;44.9992;-27.4685;7.275;-180.001;35.551;44.9992;0;-3;0;0;44.9992;-27.4685;7.275;-180.001;35.551;44.9992
1148;3;0;4;-4;0;FALSE;TRUE;FALSE;TRUE;45.0008;-8.9526;-51.7678;225.001;12.7592;-224.999;0;2;-3;0;45.0006;-8.9523;-51.7679;225.001;12.7592;-224.999;0;2;-3;0;45.0006;-8.95231;-51.7679;225.001;12.7592;-224.999
1148;6;0;4;0;0;TRUE;FALSE;TRUE;FALSE;45.0006;-8.95232;-51.7679;225.001;12.7592;135.001;0;2;1;0;45.0006;-8.9523;-51.7679;225.001;12.7592;135.001;0;2;1;0;45.0006;-8.95231;-51.7679;225.001;12.7592;135.001
1154;2;0;0;-4;0;TRUE;FALSE;TRUE;FALSE;45.0012;28.6248;39.1055;-44.9993;54.6605;-269.999;0;-1;-3;0;45.0006;28.6257;39.1055;-44.9994;54.6605;-269.999;0;-1;-3;0;45.0006;28.6257;39.1055;-44.9994;54.6605;-269.999
1154;5;0;0;0;0;FALSE;TRUE;FALSE;TRUE;45.0018;28.6246;39.1055;-44.9995;54.6607;90.0005;0;-1;1;0;45.0006;28.6257;39.1055;-44.9994;54.6605;90.0006;0;-1;1;0;45.0006;28.6257;39.1055;-44.9994;54.6605;90.0006
1155;1;0;-4;-4;0;FALSE;TRUE;FALSE;TRUE;0.00015811;23.2416;-71.0774;-270;56.1528;-225;0;-4;-3;0;-0.000147058;23.2423;-71.0773;-270;56.1528;-225;-1;-4;-3;0;-0.000147076;23.2423;-71.0773;-270;56.1528;-225
1155;2;0;0;-4;0;TRUE;FALSE;TRUE;FALSE;-3.78292E-5;23.2419;-71.0774;89.9999;56.1529;-225;-1;0;-3;0;-0.000147058;23.2423;-71.0773;89.9998;56.1528;-225;-1;0;-3;0;-0.000146905;23.2423;-71.0773;89.9998;56.1528;-225
1156;4;0;-4;0;0;TRUE;FALSE;TRUE;FALSE;90;44.5674;-20.2588;-180;2.18452;-135;1;-2;-2;0;90.0001;44.5674;-20.2588;-180;2.18451;-135;1;-2;-2;0;90.0001;44.5674;-20.2588;-180;2.18452;-135
1157;2;0;0;-4;0;FALSE;TRUE;FALSE;TRUE;-44.9999;-12.4064;-51.5262;179.999;56.4239;-180.001;-1;1;-3;0;-45.001;-12.4058;-51.5259;179.999;56.4238;-180.001;-1;1;-3;0;-45.001;-12.4058;-51.5259;179.999;56.4238;-180.001
1157;5;0;0;0;0;TRUE;FALSE;TRUE;FALSE;-45.0009;-12.4058;-51.526;179.999;56.4238;179.999;-1;1;1;0;-45.001;-12.4058;-51.5259;179.999;56.4238;179.999;-1;1;1;0;-45.001;-12.4058;-51.5259;179.999;56.4238;179.999
1158;4;0;-4;0;0;FALSE;TRUE;FALSE;TRUE;-135;-24.3519;-39.6039;-180;39.3414;-44.9998;-2;-2;-1;0;-135;-24.3519;-39.6039;-180;39.3414;-44.9998;-2;-2;-1;0;-135;-24.3519;-39.6039;-180;39.3414;-44.9998
1158;7;0;-4;4;0;TRUE;FALSE;TRUE;FALSE;-134.998;-24.352;-39.604;-180;39.3414;315;-2;-2;3;0;-135;-24.3519;-39.6039;-180;39.3414;315;-2;-2;3;0;-135;-24.3519;-39.6039;-180;39.3414;315
1162;5;0;0;0;0;TRUE;FALSE;TRUE;FALSE;0.00581837;-8.73702;-78.8729;180;35.5074;-134.999;0;1;-2;0;0.000933208;-8.73625;-78.8732;180.001;35.5071;-134.999;0;2;-2;0;0.000933559;-8.73626;-78.8732;180.001;35.5071;-134.999
1163;1;0;-4;-4;0;TRUE;FALSE;TRUE;FALSE;134.999;2.8466;9.89717;-270.001;27.5052;-360;1;-4;-5;0;135;2.84737;9.89746;-270;27.5051;-360;1;-4;-5;0;135;2.84737;9.89746;-270;27.5051;-360
1164;8;0;0;4;0;FALSE;TRUE;FALSE;TRUE;135.001;57.6626;-26.6585;-90;48.878;270;1;-2;2;0;135;57.6635;-26.6582;-90.0004;48.8778;270;1;-2;2;0;135;57.6635;-26.6582;-90.0004;48.8778;270
1164;9;0;4;4;0;TRUE;FALSE;TRUE;FALSE;135.001;57.6617;-26.6581;269.999;48.8778;270;1;2;2;0;135;57.6635;-26.6582;270;48.8778;270;1;2;2;0;135;57.6635;-26.6582;270;48.8778;270
1165;5;0;0;0;0;TRUE;FALSE;TRUE;FALSE;90.0029;40.132;22.9938;-89.9992;56.8486;135.001;1;-1;1;0;90.0007;40.1324;22.9939;-89.9993;56.8487;135.001;1;-1;1;0;90.0007;40.1324;22.9939;-89.9993;56.8487;135.001
1167;1;0;-4;-4;0;TRUE;FALSE;TRUE;FALSE;0.000606785;-26.9851;-16.942;-179.999;28.9553;-224.999;0;-2;-3;0;0.000742437;-26.9851;-16.942;-179.999;28.9553;-224.999;0;-2;-3;0;0.000742366;-26.9851;-16.9421;-179.999;28.9553;-224.999
1167;4;0;-4;0;0;FALSE;TRUE;FALSE;TRUE;0.000649942;-26.9851;-16.942;-179.999;28.9553;135.001;0;-2;1;0;0.000742437;-26.9851;-16.942;-179.999;28.9553;135.001;0;-2;1;0;0.000742398;-26.9851;-16.9421;-179.999;28.9553;135.001
1168;3;0;4;-4;0;TRUE;FALSE;TRUE;FALSE;44.9981;-9.45474;-20.8583;269.999;25.7436;-360.001;0;2;-5;0;44.9993;-9.45402;-20.8579;269.999;25.7436;-360.001;0;2;-5;0;44.9993;-9.45402;-20.8579;269.999;25.7436;-360.001
1169;5;0;0;0;0;TRUE;FALSE;TRUE;FALSE;89.9992;-47.0137;6.6442;-45.0001;50.1413;44.9999;0;-1;0;0;89.9999;-47.0138;6.64418;-45.0001;50.1413;44.9999;0;-1;0;0;89.9999;-47.0138;6.64418;-45.0001;50.1413;44.9999
1170;5;0;0;0;0;TRUE;FALSE;TRUE;FALSE;0.000659743;49.4885;-16.1525;-45.0001;18.0071;90;0;-1;0;0;-6.7873E-5;49.4894;-16.1525;-45.0001;18.0071;89.9999;-1;-1;0;0;-6.78444E-5;49.4894;-16.1525;-45.0001;18.0071;89.9999
1171;4;0;-4;0;0;FALSE;TRUE;FALSE;TRUE;-134.999;6.08046;12.2424;-180;18.952;-90.0001;-2;-2;-2;0;-135;6.08112;12.2422;-180;18.952;-89.9999;-2;-2;-1;0;-135;6.08112;12.2422;-180;18.952;-89.9999
1176;2;0;0;-4;0;TRUE;FALSE;TRUE;FALSE;-89.9981;-32.2001;-38.7191;225;3.66044;-315.001;-1;2;-4;0;-90.0003;-32.2001;-38.7191;225;3.66039;-315;-2;2;-4;0;-90.0003;-32.2001;-38.7191;225;3.66039;-315
1180;2;0;0;-4;0;FALSE;TRUE;FALSE;TRUE;44.9986;54.5868;32.6195;135.001;12.6511;-180;0;1;-2;0;45.0005;54.5872;32.6188;135.001;12.6511;-179.999;0;1;-2;0;45.0005;54.5872;32.6188;135.001;12.6511;-179.999
1182;1;0;-4;-4;0;FALSE;TRUE;FALSE;TRUE;-90.0013;36.0265;22.5851;-225.001;49.1233;-225.001;-2;-3;-3;0;-90.0009;36.0271;22.5852;-225.001;49.1232;-225.001;-2;-3;-3;0;-90.0009;36.0271;22.5852;-225.001;49.1232;-225.001
1182;2;0;0;-4;0;TRUE;FALSE;TRUE;FALSE;-90.0009;36.0261;22.5851;134.999;49.1231;-225.001;-2;1;-3;0;-90.0009;36.0271;22.5852;134.999;49.1232;-225.001;-2;1;-3;0;-90.0009;36.0271;22.5852;134.999;49.1232;-225.001
